borvidek,horizon_label,period,scenario,emissions_level,rank,variety,variety_en,colour,future_suitability,delta_vs_1991_2020,confidence,limiting_factor,status,huglin_mean,winkler_mean
Badacsonyi,Near term (2021–2040),2021-2040,rcp45,moderate,1,Merlot,Merlot,red,1.0,0.185,high,huglin,new,2078.0,1565.0
Badacsonyi,Near term (2021–2040),2021-2040,rcp45,moderate,2,Olaszrizling,Welschriesling / Olaszrizling,white,1.0,0.0,high,huglin,expand,2078.0,1565.0
Badacsonyi,Near term (2021–2040),2021-2040,rcp45,moderate,3,Rajnai rizling,Riesling,white,1.0,0.0,high,huglin,expand,2078.0,1565.0
Badacsonyi,Near term (2021–2040),2021-2040,rcp45,moderate,4,Rizlingszilváni,Müller-Thurgau,white,1.0,0.0,high,huglin,expand,2078.0,1565.0
Badacsonyi,Near term (2021–2040),2021-2040,rcp85,high,1,Merlot,Merlot,red,1.0,0.185,high,huglin,new,2023.0,1522.0
Badacsonyi,Near term (2021–2040),2021-2040,rcp85,high,2,Olaszrizling,Welschriesling / Olaszrizling,white,1.0,0.0,high,huglin,expand,2023.0,1522.0
Badacsonyi,Near term (2021–2040),2021-2040,rcp85,high,3,Rajnai rizling,Riesling,white,1.0,0.0,high,huglin,expand,2023.0,1522.0
Badacsonyi,Near term (2021–2040),2021-2040,rcp85,high,4,Rizlingszilváni,Müller-Thurgau,white,1.0,0.0,high,huglin,expand,2023.0,1522.0
Badacsonyi,≈ +20y (2041–2060),2041-2060,rcp45,moderate,1,Tempranillo,Tempranillo,red,1.0,0.974,medium,huglin,new,2157.0,1670.0
Badacsonyi,≈ +20y (2041–2060),2041-2060,rcp45,moderate,2,Fiano,Fiano,white,1.0,0.968,medium,huglin,new,2157.0,1670.0
Badacsonyi,≈ +20y (2041–2060),2041-2060,rcp45,moderate,3,Cabernet sauvignon,Cabernet Sauvignon,red,1.0,0.668,high,huglin,new,2157.0,1670.0
Badacsonyi,≈ +20y (2041–2060),2041-2060,rcp45,moderate,4,Syrah,Syrah,red,1.0,0.668,high,huglin,new,2157.0,1670.0
Badacsonyi,≈ +20y (2041–2060),2041-2060,rcp85,high,1,Merlot,Merlot,red,1.0,0.185,high,huglin,new,1971.0,1532.0
Badacsonyi,≈ +20y (2041–2060),2041-2060,rcp85,high,2,Olaszrizling,Welschriesling / Olaszrizling,white,1.0,0.0,high,huglin,expand,1971.0,1532.0
Badacsonyi,≈ +20y (2041–2060),2041-2060,rcp85,high,3,Rajnai rizling,Riesling,white,1.0,0.0,high,huglin,expand,1971.0,1532.0
Badacsonyi,≈ +20y (2041–2060),2041-2060,rcp85,high,4,Rizlingszilváni,Müller-Thurgau,white,1.0,0.0,high,huglin,expand,1971.0,1532.0
Badacsonyi,≈ +40y (2061–2080),2061-2080,rcp45,moderate,1,Touriga Nacional,Touriga Nacional,red,1.0,1.0,medium,huglin,new,2209.0,1732.0
Badacsonyi,≈ +40y (2061–2080),2061-2080,rcp45,moderate,2,Aglianico,Aglianico,red,1.0,1.0,medium,huglin,new,2209.0,1732.0
Badacsonyi,≈ +40y (2061–2080),2061-2080,rcp45,moderate,3,Tempranillo,Tempranillo,red,1.0,0.974,medium,huglin,new,2209.0,1732.0
Badacsonyi,≈ +40y (2061–2080),2061-2080,rcp45,moderate,4,Fiano,Fiano,white,1.0,0.968,medium,huglin,new,2209.0,1732.0
Badacsonyi,≈ +40y (2061–2080),2061-2080,rcp85,high,1,Touriga Nacional,Touriga Nacional,red,1.0,1.0,medium,huglin,new,2378.0,1933.0
Badacsonyi,≈ +40y (2061–2080),2061-2080,rcp85,high,2,Aglianico,Aglianico,red,1.0,1.0,medium,huglin,new,2378.0,1933.0
Badacsonyi,≈ +40y (2061–2080),2061-2080,rcp85,high,3,Tempranillo,Tempranillo,red,1.0,0.974,medium,huglin,new,2378.0,1933.0
Badacsonyi,≈ +40y (2061–2080),2061-2080,rcp85,high,4,Fiano,Fiano,white,1.0,0.968,medium,huglin,new,2378.0,1933.0
Badacsonyi,≈ +60y (2081–2100),2081-2100,rcp45,moderate,1,Touriga Nacional,Touriga Nacional,red,1.0,1.0,medium,huglin,new,2289.0,1779.0
Badacsonyi,≈ +60y (2081–2100),2081-2100,rcp45,moderate,2,Aglianico,Aglianico,red,1.0,1.0,medium,huglin,new,2289.0,1779.0
Badacsonyi,≈ +60y (2081–2100),2081-2100,rcp45,moderate,3,Tempranillo,Tempranillo,red,1.0,0.974,medium,huglin,new,2289.0,1779.0
Badacsonyi,≈ +60y (2081–2100),2081-2100,rcp45,moderate,4,Fiano,Fiano,white,1.0,0.968,medium,huglin,new,2289.0,1779.0
Badacsonyi,≈ +60y (2081–2100),2081-2100,rcp85,high,1,Touriga Nacional,Touriga Nacional,red,1.0,1.0,medium,huglin,new,2601.0,2136.0
Badacsonyi,≈ +60y (2081–2100),2081-2100,rcp85,high,2,Garnacha,Grenache,red,1.0,1.0,medium,huglin,new,2601.0,2136.0
Badacsonyi,≈ +60y (2081–2100),2081-2100,rcp85,high,3,Mourvèdre,Mourvèdre / Monastrell,red,1.0,1.0,medium,huglin,new,2601.0,2136.0
Badacsonyi,≈ +60y (2081–2100),2081-2100,rcp85,high,4,Aglianico,Aglianico,red,1.0,1.0,medium,huglin,new,2601.0,2136.0
Balatonboglári,Near term (2021–2040),2021-2040,rcp45,moderate,1,Touriga Nacional,Touriga Nacional,red,1.0,0.584,medium,huglin,new,2287.0,1739.0
Balatonboglári,Near term (2021–2040),2021-2040,rcp45,moderate,2,Aglianico,Aglianico,red,1.0,0.584,medium,huglin,new,2287.0,1739.0
Balatonboglári,Near term (2021–2040),2021-2040,rcp45,moderate,3,Cabernet sauvignon,Cabernet Sauvignon,red,1.0,0.257,high,huglin,expand,2287.0,1739.0
Balatonboglári,Near term (2021–2040),2021-2040,rcp45,moderate,4,Syrah,Syrah,red,1.0,0.257,high,huglin,new,2287.0,1739.0
Balatonboglári,Near term (2021–2040),2021-2040,rcp85,high,1,Touriga Nacional,Touriga Nacional,red,1.0,0.584,medium,huglin,new,2234.0,1696.0
Balatonboglári,Near term (2021–2040),2021-2040,rcp85,high,2,Aglianico,Aglianico,red,1.0,0.584,medium,huglin,new,2234.0,1696.0
Balatonboglári,Near term (2021–2040),2021-2040,rcp85,high,3,Cabernet sauvignon,Cabernet Sauvignon,red,1.0,0.257,high,huglin,expand,2234.0,1696.0
Balatonboglári,Near term (2021–2040),2021-2040,rcp85,high,4,Syrah,Syrah,red,1.0,0.257,high,huglin,new,2234.0,1696.0
Balatonboglári,≈ +20y (2041–2060),2041-2060,rcp45,moderate,1,Touriga Nacional,Touriga Nacional,red,1.0,0.584,medium,huglin,new,2357.0,1833.0
Balatonboglári,≈ +20y (2041–2060),2041-2060,rcp45,moderate,2,Aglianico,Aglianico,red,1.0,0.584,medium,huglin,new,2357.0,1833.0
Balatonboglári,≈ +20y (2041–2060),2041-2060,rcp45,moderate,3,Cabernet sauvignon,Cabernet Sauvignon,red,1.0,0.257,high,huglin,expand,2357.0,1833.0
Balatonboglári,≈ +20y (2041–2060),2041-2060,rcp45,moderate,4,Syrah,Syrah,red,1.0,0.257,high,huglin,new,2357.0,1833.0
Balatonboglári,≈ +20y (2041–2060),2041-2060,rcp85,high,1,Cabernet sauvignon,Cabernet Sauvignon,red,1.0,0.257,high,huglin,expand,2183.0,1714.0
Balatonboglári,≈ +20y (2041–2060),2041-2060,rcp85,high,2,Syrah,Syrah,red,1.0,0.257,high,huglin,new,2183.0,1714.0
Balatonboglári,≈ +20y (2041–2060),2041-2060,rcp85,high,3,Sangiovese,Sangiovese,red,1.0,0.25,high,huglin,new,2183.0,1714.0
Balatonboglári,≈ +20y (2041–2060),2041-2060,rcp85,high,4,Tempranillo,Tempranillo,red,1.0,0.257,medium,huglin,new,2183.0,1714.0
Balatonboglári,≈ +40y (2061–2080),2061-2080,rcp45,moderate,1,Touriga Nacional,Touriga Nacional,red,1.0,0.584,medium,huglin,new,2403.0,1893.0
Balatonboglári,≈ +40y (2061–2080),2061-2080,rcp45,moderate,2,Aglianico,Aglianico,red,1.0,0.584,medium,huglin,new,2403.0,1893.0
Balatonboglári,≈ +40y (2061–2080),2061-2080,rcp45,moderate,3,Cabernet sauvignon,Cabernet Sauvignon,red,1.0,0.257,high,huglin,expand,2403.0,1893.0
Balatonboglári,≈ +40y (2061–2080),2061-2080,rcp45,moderate,4,Syrah,Syrah,red,1.0,0.257,high,huglin,new,2403.0,1893.0
Balatonboglári,≈ +40y (2061–2080),2061-2080,rcp85,high,1,Mourvèdre,Mourvèdre / Monastrell,red,1.0,1.0,medium,huglin,new,2586.0,2116.0
Balatonboglári,≈ +40y (2061–2080),2061-2080,rcp85,high,2,Nero d'Avola,Nero d'Avola,red,1.0,1.0,medium,huglin,new,2586.0,2116.0
Balatonboglári,≈ +40y (2061–2080),2061-2080,rcp85,high,3,Garnacha,Grenache,red,1.0,0.971,medium,huglin,new,2586.0,2116.0
Balatonboglári,≈ +40y (2061–2080),2061-2080,rcp85,high,4,Carignan,Carignan / Mazuelo,red,1.0,0.971,low,huglin,new,2586.0,2116.0
Balatonboglári,≈ +60y (2081–2100),2081-2100,rcp45,moderate,1,Mourvèdre,Mourvèdre / Monastrell,red,1.0,1.0,medium,huglin,new,2490.0,1951.0
Balatonboglári,≈ +60y (2081–2100),2081-2100,rcp45,moderate,2,Nero d'Avola,Nero d'Avola,red,1.0,1.0,medium,huglin,new,2490.0,1951.0
Balatonboglári,≈ +60y (2081–2100),2081-2100,rcp45,moderate,3,Garnacha,Grenache,red,1.0,0.971,medium,huglin,new,2490.0,1951.0
Balatonboglári,≈ +60y (2081–2100),2081-2100,rcp45,moderate,4,Carignan,Carignan / Mazuelo,red,1.0,0.971,low,huglin,new,2490.0,1951.0
Balatonboglári,≈ +60y (2081–2100),2081-2100,rcp85,high,1,Mourvèdre,Mourvèdre / Monastrell,red,1.0,1.0,medium,huglin,new,2800.0,2313.0
Balatonboglári,≈ +60y (2081–2100),2081-2100,rcp85,high,2,Nero d'Avola,Nero d'Avola,red,1.0,1.0,medium,huglin,new,2800.0,2313.0
Balatonboglári,≈ +60y (2081–2100),2081-2100,rcp85,high,3,Garnacha,Grenache,red,1.0,0.971,medium,huglin,new,2800.0,2313.0
Balatonboglári,≈ +60y (2081–2100),2081-2100,rcp85,high,4,Carignan,Carignan / Mazuelo,red,1.0,0.971,low,huglin,new,2800.0,2313.0
Balatonfelvidéki,Near term (2021–2040),2021-2040,rcp45,moderate,1,Olaszrizling,Welschriesling / Olaszrizling,white,1.0,0.0,high,huglin,expand,2148.0,1636.0
Balatonfelvidéki,Near term (2021–2040),2021-2040,rcp45,moderate,2,Rajnai rizling,Riesling,white,1.0,0.0,high,huglin,expand,2148.0,1636.0
Balatonfelvidéki,Near term (2021–2040),2021-2040,rcp45,moderate,3,Rizlingszilváni,Müller-Thurgau,white,1.0,0.0,high,huglin,new,2148.0,1636.0
Balatonfelvidéki,Near term (2021–2040),2021-2040,rcp45,moderate,4,Müller-Thurgau,Müller-Thurgau,white,1.0,0.0,high,huglin,new,2148.0,1636.0
Balatonfelvidéki,Near term (2021–2040),2021-2040,rcp85,high,1,Olaszrizling,Welschriesling / Olaszrizling,white,1.0,0.0,high,huglin,expand,2091.0,1592.0
Balatonfelvidéki,Near term (2021–2040),2021-2040,rcp85,high,2,Rajnai rizling,Riesling,white,1.0,0.0,high,huglin,expand,2091.0,1592.0
Balatonfelvidéki,Near term (2021–2040),2021-2040,rcp85,high,3,Rizlingszilváni,Müller-Thurgau,white,1.0,0.0,high,huglin,new,2091.0,1592.0
Balatonfelvidéki,Near term (2021–2040),2021-2040,rcp85,high,4,Müller-Thurgau,Müller-Thurgau,white,1.0,0.0,high,huglin,new,2091.0,1592.0
Balatonfelvidéki,≈ +20y (2041–2060),2041-2060,rcp45,moderate,1,Touriga Nacional,Touriga Nacional,red,1.0,1.0,medium,huglin,new,2218.0,1731.0
Balatonfelvidéki,≈ +20y (2041–2060),2041-2060,rcp45,moderate,2,Aglianico,Aglianico,red,1.0,1.0,medium,huglin,new,2218.0,1731.0
Balatonfelvidéki,≈ +20y (2041–2060),2041-2060,rcp45,moderate,3,Tempranillo,Tempranillo,red,1.0,0.716,medium,huglin,new,2218.0,1731.0
Balatonfelvidéki,≈ +20y (2041–2060),2041-2060,rcp45,moderate,4,Fiano,Fiano,white,1.0,0.716,medium,huglin,new,2218.0,1731.0
Balatonfelvidéki,≈ +20y (2041–2060),2041-2060,rcp85,high,1,Olaszrizling,Welschriesling / Olaszrizling,white,1.0,0.0,high,huglin,expand,2036.0,1605.0
Balatonfelvidéki,≈ +20y (2041–2060),2041-2060,rcp85,high,2,Rajnai rizling,Riesling,white,1.0,0.0,high,huglin,expand,2036.0,1605.0
Balatonfelvidéki,≈ +20y (2041–2060),2041-2060,rcp85,high,3,Rizlingszilváni,Müller-Thurgau,white,1.0,0.0,high,huglin,new,2036.0,1605.0
Balatonfelvidéki,≈ +20y (2041–2060),2041-2060,rcp85,high,4,Müller-Thurgau,Müller-Thurgau,white,1.0,0.0,high,huglin,new,2036.0,1605.0
Balatonfelvidéki,≈ +40y (2061–2080),2061-2080,rcp45,moderate,1,Touriga Nacional,Touriga Nacional,red,1.0,1.0,medium,huglin,new,2267.0,1791.0
Balatonfelvidéki,≈ +40y (2061–2080),2061-2080,rcp45,moderate,2,Aglianico,Aglianico,red,1.0,1.0,medium,huglin,new,2267.0,1791.0
Balatonfelvidéki,≈ +40y (2061–2080),2061-2080,rcp45,moderate,3,Tempranillo,Tempranillo,red,1.0,0.716,medium,huglin,new,2267.0,1791.0
Balatonfelvidéki,≈ +40y (2061–2080),2061-2080,rcp45,moderate,4,Fiano,Fiano,white,1.0,0.716,medium,huglin,new,2267.0,1791.0
Balatonfelvidéki,≈ +40y (2061–2080),2061-2080,rcp85,high,1,Touriga Nacional,Touriga Nacional,red,1.0,1.0,medium,huglin,new,2442.0,2004.0
Balatonfelvidéki,≈ +40y (2061–2080),2061-2080,rcp85,high,2,Garnacha,Grenache,red,1.0,1.0,medium,huglin,new,2442.0,2004.0
Balatonfelvidéki,≈ +40y (2061–2080),2061-2080,rcp85,high,3,Mourvèdre,Mourvèdre / Monastrell,red,1.0,1.0,medium,huglin,new,2442.0,2004.0
Balatonfelvidéki,≈ +40y (2061–2080),2061-2080,rcp85,high,4,Aglianico,Aglianico,red,1.0,1.0,medium,huglin,new,2442.0,2004.0
Balatonfelvidéki,≈ +60y (2081–2100),2081-2100,rcp45,moderate,1,Touriga Nacional,Touriga Nacional,red,1.0,1.0,medium,huglin,new,2348.0,1841.0
Balatonfelvidéki,≈ +60y (2081–2100),2081-2100,rcp45,moderate,2,Aglianico,Aglianico,red,1.0,1.0,medium,huglin,new,2348.0,1841.0
Balatonfelvidéki,≈ +60y (2081–2100),2081-2100,rcp45,moderate,3,Tempranillo,Tempranillo,red,1.0,0.716,medium,huglin,new,2348.0,1841.0
Balatonfelvidéki,≈ +60y (2081–2100),2081-2100,rcp45,moderate,4,Fiano,Fiano,white,1.0,0.716,medium,huglin,new,2348.0,1841.0
Balatonfelvidéki,≈ +60y (2081–2100),2081-2100,rcp85,high,1,Touriga Nacional,Touriga Nacional,red,1.0,1.0,medium,huglin,new,2660.0,2205.0
Balatonfelvidéki,≈ +60y (2081–2100),2081-2100,rcp85,high,2,Garnacha,Grenache,red,1.0,1.0,medium,huglin,new,2660.0,2205.0
Balatonfelvidéki,≈ +60y (2081–2100),2081-2100,rcp85,high,3,Mourvèdre,Mourvèdre / Monastrell,red,1.0,1.0,medium,huglin,new,2660.0,2205.0
Balatonfelvidéki,≈ +60y (2081–2100),2081-2100,rcp85,high,4,Aglianico,Aglianico,red,1.0,1.0,medium,huglin,new,2660.0,2205.0
Balatonfüred-Csopaki,Near term (2021–2040),2021-2040,rcp45,moderate,1,Touriga Nacional,Touriga Nacional,red,1.0,0.549,medium,huglin,new,2297.0,1773.0
Balatonfüred-Csopaki,Near term (2021–2040),2021-2040,rcp45,moderate,2,Aglianico,Aglianico,red,1.0,0.549,medium,huglin,new,2297.0,1773.0
Balatonfüred-Csopaki,Near term (2021–2040),2021-2040,rcp45,moderate,3,Cabernet sauvignon,Cabernet Sauvignon,red,1.0,0.25,high,huglin,new,2297.0,1773.0
Balatonfüred-Csopaki,Near term (2021–2040),2021-2040,rcp45,moderate,4,Syrah,Syrah,red,1.0,0.25,high,huglin,new,2297.0,1773.0
Balatonfüred-Csopaki,Near term (2021–2040),2021-2040,rcp85,high,1,Touriga Nacional,Touriga Nacional,red,1.0,0.549,medium,huglin,new,2244.0,1734.0
Balatonfüred-Csopaki,Near term (2021–2040),2021-2040,rcp85,high,2,Aglianico,Aglianico,red,1.0,0.549,medium,huglin,new,2244.0,1734.0
Balatonfüred-Csopaki,Near term (2021–2040),2021-2040,rcp85,high,3,Cabernet sauvignon,Cabernet Sauvignon,red,1.0,0.25,high,huglin,new,2244.0,1734.0
Balatonfüred-Csopaki,Near term (2021–2040),2021-2040,rcp85,high,4,Syrah,Syrah,red,1.0,0.25,high,huglin,new,2244.0,1734.0
Balatonfüred-Csopaki,≈ +20y (2041–2060),2041-2060,rcp45,moderate,1,Touriga Nacional,Touriga Nacional,red,1.0,0.549,medium,huglin,new,2381.0,1882.0
Balatonfüred-Csopaki,≈ +20y (2041–2060),2041-2060,rcp45,moderate,2,Aglianico,Aglianico,red,1.0,0.549,medium,huglin,new,2381.0,1882.0
Balatonfüred-Csopaki,≈ +20y (2041–2060),2041-2060,rcp45,moderate,3,Cabernet sauvignon,Cabernet Sauvignon,red,1.0,0.25,high,huglin,new,2381.0,1882.0
Balatonfüred-Csopaki,≈ +20y (2041–2060),2041-2060,rcp45,moderate,4,Syrah,Syrah,red,1.0,0.25,high,huglin,new,2381.0,1882.0
Balatonfüred-Csopaki,≈ +20y (2041–2060),2041-2060,rcp85,high,1,Cabernet sauvignon,Cabernet Sauvignon,red,1.0,0.25,high,huglin,new,2196.0,1751.0
Balatonfüred-Csopaki,≈ +20y (2041–2060),2041-2060,rcp85,high,2,Syrah,Syrah,red,1.0,0.25,high,huglin,new,2196.0,1751.0
Balatonfüred-Csopaki,≈ +20y (2041–2060),2041-2060,rcp85,high,3,Sangiovese,Sangiovese,red,1.0,0.25,high,huglin,new,2196.0,1751.0
Balatonfüred-Csopaki,≈ +20y (2041–2060),2041-2060,rcp85,high,4,Touriga Nacional,Touriga Nacional,red,0.98,0.529,medium,huglin,new,2196.0,1751.0
Balatonfüred-Csopaki,≈ +40y (2061–2080),2061-2080,rcp45,moderate,1,Mourvèdre,Mourvèdre / Monastrell,red,1.0,1.0,medium,huglin,new,2434.0,1955.0
Balatonfüred-Csopaki,≈ +40y (2061–2080),2061-2080,rcp45,moderate,2,Nero d'Avola,Nero d'Avola,red,1.0,1.0,medium,huglin,new,2434.0,1955.0
Balatonfüred-Csopaki,≈ +40y (2061–2080),2061-2080,rcp45,moderate,3,Garnacha,Grenache,red,1.0,0.949,medium,huglin,new,2434.0,1955.0
Balatonfüred-Csopaki,≈ +40y (2061–2080),2061-2080,rcp45,moderate,4,Carignan,Carignan / Mazuelo,red,1.0,0.949,low,huglin,new,2434.0,1955.0
Balatonfüred-Csopaki,≈ +40y (2061–2080),2061-2080,rcp85,high,1,Mourvèdre,Mourvèdre / Monastrell,red,1.0,1.0,medium,huglin,new,2598.0,2152.0
Balatonfüred-Csopaki,≈ +40y (2061–2080),2061-2080,rcp85,high,2,Nero d'Avola,Nero d'Avola,red,1.0,1.0,medium,huglin,new,2598.0,2152.0
Balatonfüred-Csopaki,≈ +40y (2061–2080),2061-2080,rcp85,high,3,Garnacha,Grenache,red,1.0,0.949,medium,huglin,new,2598.0,2152.0
Balatonfüred-Csopaki,≈ +40y (2061–2080),2061-2080,rcp85,high,4,Carignan,Carignan / Mazuelo,red,1.0,0.949,low,huglin,new,2598.0,2152.0
Balatonfüred-Csopaki,≈ +60y (2081–2100),2081-2100,rcp45,moderate,1,Mourvèdre,Mourvèdre / Monastrell,red,1.0,1.0,medium,huglin,new,2516.0,2003.0
Balatonfüred-Csopaki,≈ +60y (2081–2100),2081-2100,rcp45,moderate,2,Nero d'Avola,Nero d'Avola,red,1.0,1.0,medium,huglin,new,2516.0,2003.0
Balatonfüred-Csopaki,≈ +60y (2081–2100),2081-2100,rcp45,moderate,3,Garnacha,Grenache,red,1.0,0.949,medium,huglin,new,2516.0,2003.0
Balatonfüred-Csopaki,≈ +60y (2081–2100),2081-2100,rcp45,moderate,4,Carignan,Carignan / Mazuelo,red,1.0,0.949,low,huglin,new,2516.0,2003.0
Balatonfüred-Csopaki,≈ +60y (2081–2100),2081-2100,rcp85,high,1,Mourvèdre,Mourvèdre / Monastrell,red,0.983,0.983,medium,heat,new,2822.0,2356.0
Balatonfüred-Csopaki,≈ +60y (2081–2100),2081-2100,rcp85,high,2,Nero d'Avola,Nero d'Avola,red,0.983,0.983,medium,heat,new,2822.0,2356.0
Balatonfüred-Csopaki,≈ +60y (2081–2100),2081-2100,rcp85,high,3,Garnacha,Grenache,red,0.983,0.933,medium,heat,new,2822.0,2356.0
Balatonfüred-Csopaki,≈ +60y (2081–2100),2081-2100,rcp85,high,4,Carignan,Carignan / Mazuelo,red,0.983,0.933,low,heat,new,2822.0,2356.0
Bükki,Near term (2021–2040),2021-2040,rcp45,moderate,1,Rajnai rizling,Riesling,white,1.0,0.0,high,huglin,new,2080.0,1540.0
Bükki,Near term (2021–2040),2021-2040,rcp45,moderate,2,Rizlingszilváni,Müller-Thurgau,white,1.0,0.0,high,huglin,new,2080.0,1540.0
Bükki,Near term (2021–2040),2021-2040,rcp45,moderate,3,Müller-Thurgau,Müller-Thurgau,white,1.0,0.0,high,huglin,expand,2080.0,1540.0
Bükki,Near term (2021–2040),2021-2040,rcp45,moderate,4,Tramini,Gewürztraminer,white,1.0,0.0,high,huglin,new,2080.0,1540.0
Bükki,Near term (2021–2040),2021-2040,rcp85,high,1,Olaszrizling,Welschriesling / Olaszrizling,white,1.0,0.188,high,huglin,expand,2028.0,1510.0
Bükki,Near term (2021–2040),2021-2040,rcp85,high,2,Szürkebarát,Pinot gris,white,1.0,0.188,high,huglin,new,2028.0,1510.0
Bükki,Near term (2021–2040),2021-2040,rcp85,high,3,Sauvignon blanc,Sauvignon Blanc,white,1.0,0.188,high,huglin,new,2028.0,1510.0
Bükki,Near term (2021–2040),2021-2040,rcp85,high,4,Chardonnay,Chardonnay,white,1.0,0.188,high,huglin,expand,2028.0,1510.0
Bükki,≈ +20y (2041–2060),2041-2060,rcp45,moderate,1,Olaszrizling,Welschriesling / Olaszrizling,white,0.979,0.167,high,frost,expand,2179.0,1662.0
Bükki,≈ +20y (2041–2060),2041-2060,rcp45,moderate,2,Szürkebarát,Pinot gris,white,0.979,0.167,high,frost,new,2179.0,1662.0
Bükki,≈ +20y (2041–2060),2041-2060,rcp45,moderate,3,Sauvignon blanc,Sauvignon Blanc,white,0.979,0.167,high,frost,new,2179.0,1662.0
Bükki,≈ +20y (2041–2060),2041-2060,rcp45,moderate,4,Chardonnay,Chardonnay,white,0.979,0.167,high,frost,expand,2179.0,1662.0
Bükki,≈ +20y (2041–2060),2041-2060,rcp85,high,1,Merlot,Merlot,red,1.0,0.512,high,huglin,new,2037.0,1571.0
Bükki,≈ +20y (2041–2060),2041-2060,rcp85,high,2,Furmint,Furmint,white,1.0,0.512,medium,huglin,new,2037.0,1571.0
Bükki,≈ +20y (2041–2060),2041-2060,rcp85,high,3,Hárslevelű,Harslevelu,white,1.0,0.512,medium,huglin,new,2037.0,1571.0
Bükki,≈ +20y (2041–2060),2041-2060,rcp85,high,4,Kadarka,Kadarka,red,1.0,0.512,medium,huglin,new,2037.0,1571.0
Bükki,≈ +40y (2061–2080),2061-2080,rcp45,moderate,1,Touriga Nacional,Touriga Nacional,red,1.0,1.0,medium,huglin,new,2242.0,1737.0
Bükki,≈ +40y (2061–2080),2061-2080,rcp45,moderate,2,Aglianico,Aglianico,red,1.0,1.0,medium,huglin,new,2242.0,1737.0
Bükki,≈ +40y (2061–2080),2061-2080,rcp45,moderate,3,Cabernet sauvignon,Cabernet Sauvignon,red,1.0,0.772,high,huglin,new,2242.0,1737.0
Bükki,≈ +40y (2061–2080),2061-2080,rcp45,moderate,4,Syrah,Syrah,red,1.0,0.772,high,huglin,new,2242.0,1737.0
Bükki,≈ +40y (2061–2080),2061-2080,rcp85,high,1,Touriga Nacional,Touriga Nacional,red,1.0,1.0,medium,huglin,new,2409.0,1943.0
Bükki,≈ +40y (2061–2080),2061-2080,rcp85,high,2,Aglianico,Aglianico,red,1.0,1.0,medium,huglin,new,2409.0,1943.0
Bükki,≈ +40y (2061–2080),2061-2080,rcp85,high,3,Cabernet sauvignon,Cabernet Sauvignon,red,1.0,0.772,high,huglin,new,2409.0,1943.0
Bükki,≈ +40y (2061–2080),2061-2080,rcp85,high,4,Syrah,Syrah,red,1.0,0.772,high,huglin,new,2409.0,1943.0
Bükki,≈ +60y (2081–2100),2081-2100,rcp45,moderate,1,Touriga Nacional,Touriga Nacional,red,1.0,1.0,medium,huglin,new,2315.0,1790.0
Bükki,≈ +60y (2081–2100),2081-2100,rcp45,moderate,2,Aglianico,Aglianico,red,1.0,1.0,medium,huglin,new,2315.0,1790.0
Bükki,≈ +60y (2081–2100),2081-2100,rcp45,moderate,3,Cabernet sauvignon,Cabernet Sauvignon,red,1.0,0.772,high,huglin,new,2315.0,1790.0
Bükki,≈ +60y (2081–2100),2081-2100,rcp45,moderate,4,Syrah,Syrah,red,1.0,0.772,high,huglin,new,2315.0,1790.0
Bükki,≈ +60y (2081–2100),2081-2100,rcp85,high,1,Touriga Nacional,Touriga Nacional,red,1.0,1.0,medium,huglin,new,2641.0,2167.0
Bükki,≈ +60y (2081–2100),2081-2100,rcp85,high,2,Garnacha,Grenache,red,1.0,1.0,medium,huglin,new,2641.0,2167.0
Bükki,≈ +60y (2081–2100),2081-2100,rcp85,high,3,Mourvèdre,Mourvèdre / Monastrell,red,1.0,1.0,medium,huglin,new,2641.0,2167.0
Bükki,≈ +60y (2081–2100),2081-2100,rcp85,high,4,Aglianico,Aglianico,red,1.0,1.0,medium,huglin,new,2641.0,2167.0
Csongrádi,Near term (2021–2040),2021-2040,rcp45,moderate,1,Syrah,Syrah,red,0.873,0.091,high,frost,new,2449.0,1848.0
Csongrádi,Near term (2021–2040),2021-2040,rcp45,moderate,2,Cabernet franc,Cabernet Franc,red,0.896,-0.104,high,heat,new,2449.0,1848.0
Csongrádi,Near term (2021–2040),2021-2040,rcp45,moderate,3,Sangiovese,Sangiovese,red,0.896,-0.104,high,heat,new,2449.0,1848.0
Csongrádi,Near term (2021–2040),2021-2040,rcp45,moderate,4,Tempranillo,Tempranillo,red,0.873,0.091,medium,frost,new,2449.0,1848.0
Csongrádi,Near term (2021–2040),2021-2040,rcp85,high,1,Cabernet sauvignon,Cabernet Sauvignon,red,1.0,0.218,high,huglin,new,2399.0,1818.0
Csongrádi,Near term (2021–2040),2021-2040,rcp85,high,2,Merlot,Merlot,red,1.0,0.218,high,huglin,new,2399.0,1818.0
Csongrádi,Near term (2021–2040),2021-2040,rcp85,high,3,Syrah,Syrah,red,1.0,0.218,high,huglin,new,2399.0,1818.0
Csongrádi,Near term (2021–2040),2021-2040,rcp85,high,4,Furmint,Furmint,white,1.0,0.218,medium,huglin,new,2399.0,1818.0
Csongrádi,≈ +20y (2041–2060),2041-2060,rcp45,moderate,1,Mourvèdre,Mourvèdre / Monastrell,red,0.914,0.652,medium,heat,new,2542.0,1963.0
Csongrádi,≈ +20y (2041–2060),2041-2060,rcp45,moderate,2,Nero d'Avola,Nero d'Avola,red,0.914,0.652,medium,heat,new,2542.0,1963.0
Csongrádi,≈ +20y (2041–2060),2041-2060,rcp45,moderate,3,Garnacha,Grenache,red,0.914,0.359,medium,heat,new,2542.0,1963.0
Csongrádi,≈ +20y (2041–2060),2041-2060,rcp45,moderate,4,Assyrtiko,Assyrtiko,white,0.914,0.328,medium,heat,new,2542.0,1963.0
Csongrádi,≈ +20y (2041–2060),2041-2060,rcp85,high,1,Cabernet sauvignon,Cabernet Sauvignon,red,1.0,0.218,high,huglin,new,2391.0,1869.0
Csongrádi,≈ +20y (2041–2060),2041-2060,rcp85,high,2,Merlot,Merlot,red,1.0,0.218,high,huglin,new,2391.0,1869.0
Csongrádi,≈ +20y (2041–2060),2041-2060,rcp85,high,3,Syrah,Syrah,red,1.0,0.218,high,huglin,new,2391.0,1869.0
Csongrádi,≈ +20y (2041–2060),2041-2060,rcp85,high,4,Furmint,Furmint,white,1.0,0.218,medium,huglin,new,2391.0,1869.0
Csongrádi,≈ +40y (2061–2080),2061-2080,rcp45,moderate,1,Mourvèdre,Mourvèdre / Monastrell,red,0.95,0.688,medium,heat,new,2613.0,2048.0
Csongrádi,≈ +40y (2061–2080),2061-2080,rcp45,moderate,2,Nero d'Avola,Nero d'Avola,red,0.95,0.688,medium,heat,new,2613.0,2048.0
Csongrádi,≈ +40y (2061–2080),2061-2080,rcp45,moderate,3,Garnacha,Grenache,red,0.95,0.395,medium,heat,new,2613.0,2048.0
Csongrádi,≈ +40y (2061–2080),2061-2080,rcp45,moderate,4,Assyrtiko,Assyrtiko,white,0.95,0.364,medium,heat,new,2613.0,2048.0
Csongrádi,≈ +40y (2061–2080),2061-2080,rcp85,high,1,Mourvèdre,Mourvèdre / Monastrell,red,0.85,0.588,medium,heat,new,2792.0,2275.0
Csongrádi,≈ +40y (2061–2080),2061-2080,rcp85,high,2,Nero d'Avola,Nero d'Avola,red,0.85,0.588,medium,heat,new,2792.0,2275.0
Csongrádi,≈ +40y (2061–2080),2061-2080,rcp85,high,3,Garnacha,Grenache,red,0.85,0.295,medium,heat,new,2792.0,2275.0
Csongrádi,≈ +40y (2061–2080),2061-2080,rcp85,high,4,Assyrtiko,Assyrtiko,white,0.85,0.264,medium,heat,new,2792.0,2275.0
Csongrádi,≈ +60y (2081–2100),2081-2100,rcp45,moderate,1,Mourvèdre,Mourvèdre / Monastrell,red,1.0,0.738,medium,huglin,new,2686.0,2100.0
Csongrádi,≈ +60y (2081–2100),2081-2100,rcp45,moderate,2,Nero d'Avola,Nero d'Avola,red,1.0,0.738,medium,huglin,new,2686.0,2100.0
Csongrádi,≈ +60y (2081–2100),2081-2100,rcp45,moderate,3,Garnacha,Grenache,red,1.0,0.445,medium,huglin,new,2686.0,2100.0
Csongrádi,≈ +60y (2081–2100),2081-2100,rcp45,moderate,4,Assyrtiko,Assyrtiko,white,1.0,0.414,medium,huglin,new,2686.0,2100.0
Egri,Near term (2021–2040),2021-2040,rcp45,moderate,1,Rajnai rizling,Riesling,white,1.0,0.0,high,huglin,new,2204.0,1620.0
Egri,Near term (2021–2040),2021-2040,rcp45,moderate,2,Rizlingszilváni,Müller-Thurgau,white,1.0,0.0,high,huglin,new,2204.0,1620.0
Egri,Near term (2021–2040),2021-2040,rcp45,moderate,3,Müller-Thurgau,Müller-Thurgau,white,1.0,0.0,high,huglin,new,2204.0,1620.0
Egri,Near term (2021–2040),2021-2040,rcp45,moderate,4,Tramini,Gewürztraminer,white,1.0,0.0,high,huglin,new,2204.0,1620.0
Egri,Near term (2021–2040),2021-2040,rcp85,high,1,Olaszrizling,Welschriesling / Olaszrizling,white,1.0,0.157,high,huglin,expand,2152.0,1589.0
Egri,Near term (2021–2040),2021-2040,rcp85,high,2,Szürkebarát,Pinot gris,white,1.0,0.157,high,huglin,new,2152.0,1589.0
Egri,Near term (2021–2040),2021-2040,rcp85,high,3,Sauvignon blanc,Sauvignon Blanc,white,1.0,0.157,high,huglin,new,2152.0,1589.0
Egri,Near term (2021–2040),2021-2040,rcp85,high,4,Chardonnay,Chardonnay,white,1.0,0.157,high,huglin,new,2152.0,1589.0
Egri,≈ +20y (2041–2060),2041-2060,rcp45,moderate,1,Fiano,Fiano,white,1.0,0.58,medium,huglin,new,2303.0,1745.0
Egri,≈ +20y (2041–2060),2041-2060,rcp45,moderate,2,Sangiovese,Sangiovese,red,1.0,0.368,high,huglin,new,2303.0,1745.0
Egri,≈ +20y (2041–2060),2041-2060,rcp45,moderate,3,Vermentino,Vermentino,white,1.0,0.368,medium,huglin,new,2303.0,1745.0
Egri,≈ +20y (2041–2060),2041-2060,rcp45,moderate,4,Verdejo,Verdejo,white,1.0,0.368,medium,huglin,new,2303.0,1745.0
Egri,≈ +20y (2041–2060),2041-2060,rcp85,high,1,Merlot,Merlot,red,1.0,0.473,high,huglin,expand,2138.0,1633.0
Egri,≈ +20y (2041–2060),2041-2060,rcp85,high,2,Furmint,Furmint,white,1.0,0.473,medium,huglin,new,2138.0,1633.0
Egri,≈ +20y (2041–2060),2041-2060,rcp85,high,3,Hárslevelű,Harslevelu,white,1.0,0.473,medium,huglin,expand,2138.0,1633.0
Egri,≈ +20y (2041–2060),2041-2060,rcp85,high,4,Kadarka,Kadarka,red,1.0,0.473,medium,huglin,expand,2138.0,1633.0
Egri,≈ +40y (2061–2080),2061-2080,rcp45,moderate,1,Touriga Nacional,Touriga Nacional,red,1.0,0.935,medium,huglin,new,2361.0,1819.0
Egri,≈ +40y (2061–2080),2061-2080,rcp45,moderate,2,Aglianico,Aglianico,red,1.0,0.935,medium,huglin,new,2361.0,1819.0
Egri,≈ +40y (2061–2080),2061-2080,rcp45,moderate,3,Cabernet sauvignon,Cabernet Sauvignon,red,1.0,0.605,high,huglin,expand,2361.0,1819.0
Egri,≈ +40y (2061–2080),2061-2080,rcp45,moderate,4,Syrah,Syrah,red,1.0,0.605,high,huglin,new,2361.0,1819.0
Egri,≈ +40y (2061–2080),2061-2080,rcp85,high,1,Garnacha,Grenache,red,1.0,1.0,medium,huglin,new,2527.0,2024.0
Egri,≈ +40y (2061–2080),2061-2080,rcp85,high,2,Mourvèdre,Mourvèdre / Monastrell,red,1.0,1.0,medium,huglin,new,2527.0,2024.0
Egri,≈ +40y (2061–2080),2061-2080,rcp85,high,3,Nero d'Avola,Nero d'Avola,red,1.0,1.0,medium,huglin,new,2527.0,2024.0
Egri,≈ +40y (2061–2080),2061-2080,rcp85,high,4,Assyrtiko,Assyrtiko,white,1.0,0.957,medium,huglin,new,2527.0,2024.0
Egri,≈ +60y (2081–2100),2081-2100,rcp45,moderate,1,Touriga Nacional,Touriga Nacional,red,1.0,0.935,medium,huglin,new,2421.0,1860.0
Egri,≈ +60y (2081–2100),2081-2100,rcp45,moderate,2,Aglianico,Aglianico,red,1.0,0.935,medium,huglin,new,2421.0,1860.0
Egri,≈ +60y (2081–2100),2081-2100,rcp45,moderate,3,Cabernet sauvignon,Cabernet Sauvignon,red,1.0,0.605,high,huglin,expand,2421.0,1860.0
Egri,≈ +60y (2081–2100),2081-2100,rcp45,moderate,4,Syrah,Syrah,red,1.0,0.605,high,huglin,new,2421.0,1860.0
Egri,≈ +60y (2081–2100),2081-2100,rcp85,high,1,Garnacha,Grenache,red,1.0,1.0,medium,huglin,new,2754.0,2245.0
Egri,≈ +60y (2081–2100),2081-2100,rcp85,high,2,Mourvèdre,Mourvèdre / Monastrell,red,1.0,1.0,medium,huglin,new,2754.0,2245.0
Egri,≈ +60y (2081–2100),2081-2100,rcp85,high,3,Nero d'Avola,Nero d'Avola,red,1.0,1.0,medium,huglin,new,2754.0,2245.0
Egri,≈ +60y (2081–2100),2081-2100,rcp85,high,4,Assyrtiko,Assyrtiko,white,1.0,0.957,medium,huglin,new,2754.0,2245.0
Etyek-Budai,Near term (2021–2040),2021-2040,rcp45,moderate,1,Sangiovese,Sangiovese,red,1.0,0.25,high,huglin,new,2300.0,1723.0
Etyek-Budai,Near term (2021–2040),2021-2040,rcp45,moderate,2,Touriga Nacional,Touriga Nacional,red,0.941,0.629,medium,frost,new,2300.0,1723.0
Etyek-Budai,Near term (2021–2040),2021-2040,rcp45,moderate,3,Aglianico,Aglianico,red,0.941,0.629,medium,frost,new,2300.0,1723.0
Etyek-Budai,Near term (2021–2040),2021-2040,rcp45,moderate,4,Cabernet sauvignon,Cabernet Sauvignon,red,0.941,0.341,high,frost,new,2300.0,1723.0
Etyek-Budai,Near term (2021–2040),2021-2040,rcp85,high,1,Touriga Nacional,Touriga Nacional,red,1.0,0.688,medium,huglin,new,2243.0,1685.0
Etyek-Budai,Near term (2021–2040),2021-2040,rcp85,high,2,Aglianico,Aglianico,red,1.0,0.688,medium,huglin,new,2243.0,1685.0
Etyek-Budai,Near term (2021–2040),2021-2040,rcp85,high,3,Cabernet sauvignon,Cabernet Sauvignon,red,1.0,0.4,high,huglin,new,2243.0,1685.0
Etyek-Budai,Near term (2021–2040),2021-2040,rcp85,high,4,Syrah,Syrah,red,1.0,0.4,high,huglin,new,2243.0,1685.0
Etyek-Budai,≈ +20y (2041–2060),2041-2060,rcp45,moderate,1,Touriga Nacional,Touriga Nacional,red,1.0,0.688,medium,huglin,new,2374.0,1823.0
Etyek-Budai,≈ +20y (2041–2060),2041-2060,rcp45,moderate,2,Aglianico,Aglianico,red,1.0,0.688,medium,huglin,new,2374.0,1823.0
Etyek-Budai,≈ +20y (2041–2060),2041-2060,rcp45,moderate,3,Cabernet sauvignon,Cabernet Sauvignon,red,1.0,0.4,high,huglin,new,2374.0,1823.0
Etyek-Budai,≈ +20y (2041–2060),2041-2060,rcp45,moderate,4,Syrah,Syrah,red,1.0,0.4,high,huglin,new,2374.0,1823.0
Etyek-Budai,≈ +20y (2041–2060),2041-2060,rcp85,high,1,Cabernet sauvignon,Cabernet Sauvignon,red,1.0,0.4,high,huglin,new,2191.0,1704.0
Etyek-Budai,≈ +20y (2041–2060),2041-2060,rcp85,high,2,Syrah,Syrah,red,1.0,0.4,high,huglin,new,2191.0,1704.0
Etyek-Budai,≈ +20y (2041–2060),2041-2060,rcp85,high,3,Touriga Nacional,Touriga Nacional,red,0.953,0.641,medium,huglin,new,2191.0,1704.0
Etyek-Budai,≈ +20y (2041–2060),2041-2060,rcp85,high,4,Aglianico,Aglianico,red,0.953,0.641,medium,huglin,new,2191.0,1704.0
Etyek-Budai,≈ +40y (2061–2080),2061-2080,rcp45,moderate,1,Touriga Nacional,Touriga Nacional,red,1.0,0.688,medium,huglin,new,2430.0,1897.0
Etyek-Budai,≈ +40y (2061–2080),2061-2080,rcp45,moderate,2,Aglianico,Aglianico,red,1.0,0.688,medium,huglin,new,2430.0,1897.0
Etyek-Budai,≈ +40y (2061–2080),2061-2080,rcp45,moderate,3,Cabernet sauvignon,Cabernet Sauvignon,red,1.0,0.4,high,huglin,new,2430.0,1897.0
Etyek-Budai,≈ +40y (2061–2080),2061-2080,rcp45,moderate,4,Syrah,Syrah,red,1.0,0.4,high,huglin,new,2430.0,1897.0
Etyek-Budai,≈ +40y (2061–2080),2061-2080,rcp85,high,1,Mourvèdre,Mourvèdre / Monastrell,red,1.0,1.0,medium,huglin,new,2604.0,2115.0
Etyek-Budai,≈ +40y (2061–2080),2061-2080,rcp85,high,2,Nero d'Avola,Nero d'Avola,red,1.0,1.0,medium,huglin,new,2604.0,2115.0
Etyek-Budai,≈ +40y (2061–2080),2061-2080,rcp85,high,3,Garnacha,Grenache,red,1.0,0.992,medium,huglin,new,2604.0,2115.0
Etyek-Budai,≈ +40y (2061–2080),2061-2080,rcp85,high,4,Assyrtiko,Assyrtiko,white,1.0,0.792,medium,huglin,new,2604.0,2115.0
Etyek-Budai,≈ +60y (2081–2100),2081-2100,rcp45,moderate,1,Mourvèdre,Mourvèdre / Monastrell,red,1.0,1.0,medium,huglin,new,2506.0,1946.0
Etyek-Budai,≈ +60y (2081–2100),2081-2100,rcp45,moderate,2,Nero d'Avola,Nero d'Avola,red,1.0,1.0,medium,huglin,new,2506.0,1946.0
Etyek-Budai,≈ +60y (2081–2100),2081-2100,rcp45,moderate,3,Garnacha,Grenache,red,1.0,0.992,medium,huglin,new,2506.0,1946.0
Etyek-Budai,≈ +60y (2081–2100),2081-2100,rcp45,moderate,4,Assyrtiko,Assyrtiko,white,1.0,0.792,medium,huglin,new,2506.0,1946.0
Etyek-Budai,≈ +60y (2081–2100),2081-2100,rcp85,high,1,Mourvèdre,Mourvèdre / Monastrell,red,0.836,0.836,medium,heat,new,2833.0,2331.0
Etyek-Budai,≈ +60y (2081–2100),2081-2100,rcp85,high,2,Nero d'Avola,Nero d'Avola,red,0.836,0.836,medium,heat,new,2833.0,2331.0
Etyek-Budai,≈ +60y (2081–2100),2081-2100,rcp85,high,3,Garnacha,Grenache,red,0.836,0.828,medium,heat,new,2833.0,2331.0
Etyek-Budai,≈ +60y (2081–2100),2081-2100,rcp85,high,4,Assyrtiko,Assyrtiko,white,0.836,0.628,medium,heat,new,2833.0,2331.0
Hajós-Bajai,Near term (2021–2040),2021-2040,rcp45,moderate,1,Sangiovese,Sangiovese,red,0.879,0.18,high,heat,new,2411.0,1796.0
Hajós-Bajai,Near term (2021–2040),2021-2040,rcp45,moderate,2,Vermentino,Vermentino,white,0.879,0.18,medium,heat,new,2411.0,1796.0
Hajós-Bajai,Near term (2021–2040),2021-2040,rcp45,moderate,3,Fiano,Fiano,white,0.879,0.18,medium,heat,new,2411.0,1796.0
Hajós-Bajai,Near term (2021–2040),2021-2040,rcp45,moderate,4,Verdejo,Verdejo,white,0.879,0.18,medium,heat,new,2411.0,1796.0
Hajós-Bajai,Near term (2021–2040),2021-2040,rcp85,high,1,Sangiovese,Sangiovese,red,1.0,0.302,high,huglin,new,2361.0,1762.0
Hajós-Bajai,Near term (2021–2040),2021-2040,rcp85,high,2,Cabernet sauvignon,Cabernet Sauvignon,red,0.936,0.457,high,frost,expand,2361.0,1762.0
Hajós-Bajai,Near term (2021–2040),2021-2040,rcp85,high,3,Syrah,Syrah,red,0.936,0.457,high,frost,new,2361.0,1762.0
Hajós-Bajai,Near term (2021–2040),2021-2040,rcp85,high,4,Vermentino,Vermentino,white,1.0,0.302,medium,huglin,new,2361.0,1762.0
Hajós-Bajai,≈ +20y (2041–2060),2041-2060,rcp45,moderate,1,Touriga Nacional,Touriga Nacional,red,0.925,0.445,medium,frost,new,2496.0,1902.0
Hajós-Bajai,≈ +20y (2041–2060),2041-2060,rcp45,moderate,2,Syrah,Syrah,red,0.808,0.329,high,heat,new,2496.0,1902.0
Hajós-Bajai,≈ +20y (2041–2060),2041-2060,rcp45,moderate,3,Tempranillo,Tempranillo,red,0.808,0.329,medium,heat,new,2496.0,1902.0
Hajós-Bajai,≈ +20y (2041–2060),2041-2060,rcp45,moderate,4,Aglianico,Aglianico,red,0.808,0.329,medium,heat,new,2496.0,1902.0
Hajós-Bajai,≈ +20y (2041–2060),2041-2060,rcp85,high,1,Cabernet sauvignon,Cabernet Sauvignon,red,1.0,0.52,high,huglin,expand,2328.0,1791.0
Hajós-Bajai,≈ +20y (2041–2060),2041-2060,rcp85,high,2,Syrah,Syrah,red,1.0,0.52,high,huglin,new,2328.0,1791.0
Hajós-Bajai,≈ +20y (2041–2060),2041-2060,rcp85,high,3,Merlot,Merlot,red,1.0,0.361,high,huglin,new,2328.0,1791.0
Hajós-Bajai,≈ +20y (2041–2060),2041-2060,rcp85,high,4,Tempranillo,Tempranillo,red,1.0,0.52,medium,huglin,new,2328.0,1791.0
Hajós-Bajai,≈ +40y (2061–2080),2061-2080,rcp45,moderate,1,Mourvèdre,Mourvèdre / Monastrell,red,0.969,0.915,medium,heat,new,2554.0,1979.0
Hajós-Bajai,≈ +40y (2061–2080),2061-2080,rcp45,moderate,2,Nero d'Avola,Nero d'Avola,red,0.969,0.915,medium,heat,new,2554.0,1979.0
Hajós-Bajai,≈ +40y (2061–2080),2061-2080,rcp45,moderate,3,Garnacha,Grenache,red,0.969,0.755,medium,heat,new,2554.0,1979.0
Hajós-Bajai,≈ +40y (2061–2080),2061-2080,rcp45,moderate,4,Assyrtiko,Assyrtiko,white,0.969,0.65,medium,heat,new,2554.0,1979.0
Hajós-Bajai,≈ +40y (2061–2080),2061-2080,rcp85,high,1,Mourvèdre,Mourvèdre / Monastrell,red,0.9,0.846,medium,heat,new,2742.0,2211.0
Hajós-Bajai,≈ +40y (2061–2080),2061-2080,rcp85,high,2,Nero d'Avola,Nero d'Avola,red,0.9,0.846,medium,heat,new,2742.0,2211.0
Hajós-Bajai,≈ +40y (2061–2080),2061-2080,rcp85,high,3,Garnacha,Grenache,red,0.9,0.686,medium,heat,new,2742.0,2211.0
Hajós-Bajai,≈ +40y (2061–2080),2061-2080,rcp85,high,4,Assyrtiko,Assyrtiko,white,0.9,0.58,medium,heat,new,2742.0,2211.0
Hajós-Bajai,≈ +60y (2081–2100),2081-2100,rcp45,moderate,1,Mourvèdre,Mourvèdre / Monastrell,red,1.0,0.946,medium,huglin,new,2634.0,2035.0
Hajós-Bajai,≈ +60y (2081–2100),2081-2100,rcp45,moderate,2,Nero d'Avola,Nero d'Avola,red,1.0,0.946,medium,huglin,new,2634.0,2035.0
Hajós-Bajai,≈ +60y (2081–2100),2081-2100,rcp45,moderate,3,Garnacha,Grenache,red,1.0,0.786,medium,huglin,new,2634.0,2035.0
Hajós-Bajai,≈ +60y (2081–2100),2081-2100,rcp45,moderate,4,Syrah,Syrah,red,0.997,0.517,high,heat,new,2634.0,2035.0
Hajós-Bajai,≈ +60y (2081–2100),2081-2100,rcp85,high,1,Mourvèdre,Mourvèdre / Monastrell,red,0.575,0.521,medium,heat,new,2918.0,2374.0
Hajós-Bajai,≈ +60y (2081–2100),2081-2100,rcp85,high,2,Nero d'Avola,Nero d'Avola,red,0.575,0.521,medium,heat,new,2918.0,2374.0
Hajós-Bajai,≈ +60y (2081–2100),2081-2100,rcp85,high,3,Garnacha,Grenache,red,0.575,0.361,medium,heat,new,2918.0,2374.0
Hajós-Bajai,≈ +60y (2081–2100),2081-2100,rcp85,high,4,Assyrtiko,Assyrtiko,white,0.575,0.255,medium,heat,new,2918.0,2374.0
Kunsági,Near term (2021–2040),2021-2040,rcp45,moderate,1,Sangiovese,Sangiovese,red,1.0,0.25,high,huglin,new,2393.0,1782.0
Kunsági,Near term (2021–2040),2021-2040,rcp45,moderate,2,Vermentino,Vermentino,white,1.0,0.25,medium,huglin,new,2393.0,1782.0
Kunsági,Near term (2021–2040),2021-2040,rcp45,moderate,3,Fiano,Fiano,white,1.0,0.25,medium,huglin,new,2393.0,1782.0
Kunsági,Near term (2021–2040),2021-2040,rcp45,moderate,4,Verdejo,Verdejo,white,1.0,0.25,medium,huglin,new,2393.0,1782.0
Kunsági,Near term (2021–2040),2021-2040,rcp85,high,1,Cabernet sauvignon,Cabernet Sauvignon,red,1.0,0.455,high,huglin,new,2345.0,1753.0
Kunsági,Near term (2021–2040),2021-2040,rcp85,high,2,Syrah,Syrah,red,1.0,0.455,high,huglin,new,2345.0,1753.0
Kunsági,Near term (2021–2040),2021-2040,rcp85,high,3,Merlot,Merlot,red,1.0,0.273,high,huglin,new,2345.0,1753.0
Kunsági,Near term (2021–2040),2021-2040,rcp85,high,4,Tempranillo,Tempranillo,red,1.0,0.455,medium,huglin,new,2345.0,1753.0
Kunsági,≈ +20y (2041–2060),2041-2060,rcp45,moderate,1,Syrah,Syrah,red,0.962,0.416,high,heat,new,2486.0,1894.0
Kunsági,≈ +20y (2041–2060),2041-2060,rcp45,moderate,2,Touriga Nacional,Touriga Nacional,red,0.986,0.441,medium,frost,new,2486.0,1894.0
Kunsági,≈ +20y (2041–2060),2041-2060,rcp45,moderate,3,Tempranillo,Tempranillo,red,0.962,0.416,medium,heat,new,2486.0,1894.0
Kunsági,≈ +20y (2041–2060),2041-2060,rcp45,moderate,4,Aglianico,Aglianico,red,0.962,0.416,medium,heat,new,2486.0,1894.0
Kunsági,≈ +20y (2041–2060),2041-2060,rcp85,high,1,Cabernet sauvignon,Cabernet Sauvignon,red,1.0,0.455,high,huglin,new,2316.0,1787.0
Kunsági,≈ +20y (2041–2060),2041-2060,rcp85,high,2,Syrah,Syrah,red,1.0,0.455,high,huglin,new,2316.0,1787.0
Kunsági,≈ +20y (2041–2060),2041-2060,rcp85,high,3,Merlot,Merlot,red,1.0,0.273,high,huglin,new,2316.0,1787.0
Kunsági,≈ +20y (2041–2060),2041-2060,rcp85,high,4,Tempranillo,Tempranillo,red,1.0,0.455,medium,huglin,new,2316.0,1787.0
Kunsági,≈ +40y (2061–2080),2061-2080,rcp45,moderate,1,Mourvèdre,Mourvèdre / Monastrell,red,1.0,0.96,medium,huglin,new,2546.0,1972.0
Kunsági,≈ +40y (2061–2080),2061-2080,rcp45,moderate,2,Nero d'Avola,Nero d'Avola,red,1.0,0.96,medium,huglin,new,2546.0,1972.0
Kunsági,≈ +40y (2061–2080),2061-2080,rcp45,moderate,3,Garnacha,Grenache,red,1.0,0.778,medium,huglin,new,2546.0,1972.0
Kunsági,≈ +40y (2061–2080),2061-2080,rcp45,moderate,4,Assyrtiko,Assyrtiko,white,1.0,0.636,medium,huglin,new,2546.0,1972.0
Kunsági,≈ +40y (2061–2080),2061-2080,rcp85,high,1,Mourvèdre,Mourvèdre / Monastrell,red,1.0,0.96,medium,huglin,new,2716.0,2187.0
Kunsági,≈ +40y (2061–2080),2061-2080,rcp85,high,2,Nero d'Avola,Nero d'Avola,red,1.0,0.96,medium,huglin,new,2716.0,2187.0
Kunsági,≈ +40y (2061–2080),2061-2080,rcp85,high,3,Garnacha,Grenache,red,1.0,0.778,medium,huglin,new,2716.0,2187.0
Kunsági,≈ +40y (2061–2080),2061-2080,rcp85,high,4,Assyrtiko,Assyrtiko,white,1.0,0.636,medium,huglin,new,2716.0,2187.0
Kunsági,≈ +60y (2081–2100),2081-2100,rcp45,moderate,1,Mourvèdre,Mourvèdre / Monastrell,red,1.0,0.96,medium,huglin,new,2616.0,2019.0
Kunsági,≈ +60y (2081–2100),2081-2100,rcp45,moderate,2,Nero d'Avola,Nero d'Avola,red,1.0,0.96,medium,huglin,new,2616.0,2019.0
Kunsági,≈ +60y (2081–2100),2081-2100,rcp45,moderate,3,Garnacha,Grenache,red,1.0,0.778,medium,huglin,new,2616.0,2019.0
Kunsági,≈ +60y (2081–2100),2081-2100,rcp45,moderate,4,Syrah,Syrah,red,1.0,0.455,high,huglin,new,2616.0,2019.0
Kunsági,≈ +60y (2081–2100),2081-2100,rcp85,high,1,Mourvèdre,Mourvèdre / Monastrell,red,0.642,0.601,medium,heat,new,2918.0,2378.0
Kunsági,≈ +60y (2081–2100),2081-2100,rcp85,high,2,Nero d'Avola,Nero d'Avola,red,0.642,0.601,medium,heat,new,2918.0,2378.0
Kunsági,≈ +60y (2081–2100),2081-2100,rcp85,high,3,Garnacha,Grenache,red,0.642,0.419,medium,heat,new,2918.0,2378.0
Kunsági,≈ +60y (2081–2100),2081-2100,rcp85,high,4,Assyrtiko,Assyrtiko,white,0.642,0.278,medium,heat,new,2918.0,2378.0
Mátrai,Near term (2021–2040),2021-2040,rcp45,moderate,1,Pinot blanc,Pinot Blanc,white,0.939,-0.028,high,frost,new,2202.0,1600.0
Mátrai,Near term (2021–2040),2021-2040,rcp45,moderate,2,Zöld veltelíni,Grüner Veltliner,white,0.939,-0.028,high,frost,new,2202.0,1600.0
Mátrai,Near term (2021–2040),2021-2040,rcp45,moderate,3,Kékfrankos,Blaufränkisch,red,0.939,-0.028,high,frost,new,2202.0,1600.0
Mátrai,Near term (2021–2040),2021-2040,rcp45,moderate,4,Zweigelt,Zweigelt,red,0.939,-0.028,high,frost,new,2202.0,1600.0
Mátrai,Near term (2021–2040),2021-2040,rcp85,high,1,Rajnai rizling,Riesling,white,1.0,0.033,high,huglin,new,2145.0,1565.0
Mátrai,Near term (2021–2040),2021-2040,rcp85,high,2,Rizlingszilváni,Müller-Thurgau,white,1.0,0.033,high,huglin,expand,2145.0,1565.0
Mátrai,Near term (2021–2040),2021-2040,rcp85,high,3,Müller-Thurgau,Müller-Thurgau,white,1.0,0.033,high,huglin,new,2145.0,1565.0
Mátrai,Near term (2021–2040),2021-2040,rcp85,high,4,Tramini,Gewürztraminer,white,1.0,0.033,high,huglin,expand,2145.0,1565.0
Mátrai,≈ +20y (2041–2060),2041-2060,rcp45,moderate,1,Kékfrankos,Blaufränkisch,red,1.0,0.033,high,huglin,new,2299.0,1719.0
Mátrai,≈ +20y (2041–2060),2041-2060,rcp45,moderate,2,Zweigelt,Zweigelt,red,1.0,0.033,high,huglin,new,2299.0,1719.0
Mátrai,≈ +20y (2041–2060),2041-2060,rcp45,moderate,3,Fiano,Fiano,white,0.904,0.612,medium,frost,new,2299.0,1719.0
Mátrai,≈ +20y (2041–2060),2041-2060,rcp45,moderate,4,Sangiovese,Sangiovese,red,0.904,0.4,high,frost,new,2299.0,1719.0
Mátrai,≈ +20y (2041–2060),2041-2060,rcp85,high,1,Merlot,Merlot,red,1.0,0.691,high,huglin,new,2117.0,1599.0
Mátrai,≈ +20y (2041–2060),2041-2060,rcp85,high,2,Furmint,Furmint,white,1.0,0.691,medium,huglin,new,2117.0,1599.0
Mátrai,≈ +20y (2041–2060),2041-2060,rcp85,high,3,Hárslevelű,Harslevelu,white,1.0,0.691,medium,huglin,expand,2117.0,1599.0
Mátrai,≈ +20y (2041–2060),2041-2060,rcp85,high,4,Kadarka,Kadarka,red,1.0,0.691,medium,huglin,new,2117.0,1599.0
Mátrai,≈ +40y (2061–2080),2061-2080,rcp45,moderate,1,Touriga Nacional,Touriga Nacional,red,1.0,0.982,medium,huglin,new,2343.0,1781.0
Mátrai,≈ +40y (2061–2080),2061-2080,rcp45,moderate,2,Aglianico,Aglianico,red,1.0,0.982,medium,huglin,new,2343.0,1781.0
Mátrai,≈ +40y (2061–2080),2061-2080,rcp45,moderate,3,Cabernet sauvignon,Cabernet Sauvignon,red,1.0,0.768,high,huglin,new,2343.0,1781.0
Mátrai,≈ +40y (2061–2080),2061-2080,rcp45,moderate,4,Syrah,Syrah,red,1.0,0.768,high,huglin,new,2343.0,1781.0
Mátrai,≈ +40y (2061–2080),2061-2080,rcp85,high,1,Garnacha,Grenache,red,1.0,1.0,medium,huglin,new,2514.0,1992.0
Mátrai,≈ +40y (2061–2080),2061-2080,rcp85,high,2,Mourvèdre,Mourvèdre / Monastrell,red,1.0,1.0,medium,huglin,new,2514.0,1992.0
Mátrai,≈ +40y (2061–2080),2061-2080,rcp85,high,3,Nero d'Avola,Nero d'Avola,red,1.0,1.0,medium,huglin,new,2514.0,1992.0
Mátrai,≈ +40y (2061–2080),2061-2080,rcp85,high,4,Assyrtiko,Assyrtiko,white,1.0,0.988,medium,huglin,new,2514.0,1992.0
Mátrai,≈ +60y (2081–2100),2081-2100,rcp45,moderate,1,Touriga Nacional,Touriga Nacional,red,1.0,0.982,medium,huglin,new,2405.0,1823.0
Mátrai,≈ +60y (2081–2100),2081-2100,rcp45,moderate,2,Aglianico,Aglianico,red,1.0,0.982,medium,huglin,new,2405.0,1823.0
Mátrai,≈ +60y (2081–2100),2081-2100,rcp45,moderate,3,Cabernet sauvignon,Cabernet Sauvignon,red,1.0,0.768,high,huglin,new,2405.0,1823.0
Mátrai,≈ +60y (2081–2100),2081-2100,rcp45,moderate,4,Syrah,Syrah,red,1.0,0.768,high,huglin,new,2405.0,1823.0
Mátrai,≈ +60y (2081–2100),2081-2100,rcp85,high,1,Garnacha,Grenache,red,0.989,0.989,medium,heat,new,2738.0,2208.0
Mátrai,≈ +60y (2081–2100),2081-2100,rcp85,high,2,Mourvèdre,Mourvèdre / Monastrell,red,0.989,0.989,medium,heat,new,2738.0,2208.0
Mátrai,≈ +60y (2081–2100),2081-2100,rcp85,high,3,Nero d'Avola,Nero d'Avola,red,0.989,0.989,medium,heat,new,2738.0,2208.0
Mátrai,≈ +60y (2081–2100),2081-2100,rcp85,high,4,Assyrtiko,Assyrtiko,white,0.989,0.977,medium,heat,new,2738.0,2208.0
Móri,Near term (2021–2040),2021-2040,rcp45,moderate,1,Rajnai rizling,Riesling,white,1.0,0.0,high,huglin,expand,2100.0,1562.0
Móri,Near term (2021–2040),2021-2040,rcp45,moderate,2,Rizlingszilváni,Müller-Thurgau,white,1.0,0.0,high,huglin,new,2100.0,1562.0
Móri,Near term (2021–2040),2021-2040,rcp45,moderate,3,Müller-Thurgau,Müller-Thurgau,white,1.0,0.0,high,huglin,new,2100.0,1562.0
Móri,Near term (2021–2040),2021-2040,rcp45,moderate,4,Tramini,Gewürztraminer,white,1.0,0.0,high,huglin,expand,2100.0,1562.0
Móri,Near term (2021–2040),2021-2040,rcp85,high,1,Olaszrizling,Welschriesling / Olaszrizling,white,1.0,0.095,high,huglin,new,2035.0,1515.0
Móri,Near term (2021–2040),2021-2040,rcp85,high,2,Szürkebarát,Pinot gris,white,1.0,0.095,high,huglin,new,2035.0,1515.0
Móri,Near term (2021–2040),2021-2040,rcp85,high,3,Sauvignon blanc,Sauvignon Blanc,white,1.0,0.095,high,huglin,new,2035.0,1515.0
Móri,Near term (2021–2040),2021-2040,rcp85,high,4,Chardonnay,Chardonnay,white,1.0,0.095,high,huglin,expand,2035.0,1515.0
Móri,≈ +20y (2041–2060),2041-2060,rcp45,moderate,1,Merlot,Merlot,red,0.968,0.362,high,frost,new,2167.0,1657.0
Móri,≈ +20y (2041–2060),2041-2060,rcp45,moderate,2,Olaszrizling,Welschriesling / Olaszrizling,white,1.0,0.095,high,huglin,new,2167.0,1657.0
Móri,≈ +20y (2041–2060),2041-2060,rcp45,moderate,3,Szürkebarát,Pinot gris,white,1.0,0.095,high,huglin,new,2167.0,1657.0
Móri,≈ +20y (2041–2060),2041-2060,rcp45,moderate,4,Sauvignon blanc,Sauvignon Blanc,white,1.0,0.095,high,huglin,new,2167.0,1657.0
Móri,≈ +20y (2041–2060),2041-2060,rcp85,high,1,Merlot,Merlot,red,1.0,0.394,high,huglin,new,1977.0,1522.0
Móri,≈ +20y (2041–2060),2041-2060,rcp85,high,2,Furmint,Furmint,white,1.0,0.394,medium,huglin,new,1977.0,1522.0
Móri,≈ +20y (2041–2060),2041-2060,rcp85,high,3,Hárslevelű,Harslevelu,white,1.0,0.394,medium,huglin,new,1977.0,1522.0
Móri,≈ +20y (2041–2060),2041-2060,rcp85,high,4,Kadarka,Kadarka,red,1.0,0.394,medium,huglin,new,1977.0,1522.0
Móri,≈ +40y (2061–2080),2061-2080,rcp45,moderate,1,Touriga Nacional,Touriga Nacional,red,1.0,1.0,medium,huglin,new,2221.0,1721.0
Móri,≈ +40y (2061–2080),2061-2080,rcp45,moderate,2,Aglianico,Aglianico,red,1.0,1.0,medium,huglin,new,2221.0,1721.0
Móri,≈ +40y (2061–2080),2061-2080,rcp45,moderate,3,Tempranillo,Tempranillo,red,1.0,0.986,medium,huglin,new,2221.0,1721.0
Móri,≈ +40y (2061–2080),2061-2080,rcp45,moderate,4,Fiano,Fiano,white,1.0,0.98,medium,huglin,new,2221.0,1721.0
Móri,≈ +40y (2061–2080),2061-2080,rcp85,high,1,Touriga Nacional,Touriga Nacional,red,1.0,1.0,medium,huglin,new,2381.0,1922.0
Móri,≈ +40y (2061–2080),2061-2080,rcp85,high,2,Aglianico,Aglianico,red,1.0,1.0,medium,huglin,new,2381.0,1922.0
Móri,≈ +40y (2061–2080),2061-2080,rcp85,high,3,Tempranillo,Tempranillo,red,1.0,0.986,medium,huglin,new,2381.0,1922.0
Móri,≈ +40y (2061–2080),2061-2080,rcp85,high,4,Fiano,Fiano,white,1.0,0.98,medium,huglin,new,2381.0,1922.0
Móri,≈ +60y (2081–2100),2081-2100,rcp45,moderate,1,Touriga Nacional,Touriga Nacional,red,1.0,1.0,medium,huglin,new,2291.0,1763.0
Móri,≈ +60y (2081–2100),2081-2100,rcp45,moderate,2,Aglianico,Aglianico,red,1.0,1.0,medium,huglin,new,2291.0,1763.0
Móri,≈ +60y (2081–2100),2081-2100,rcp45,moderate,3,Tempranillo,Tempranillo,red,1.0,0.986,medium,huglin,new,2291.0,1763.0
Móri,≈ +60y (2081–2100),2081-2100,rcp45,moderate,4,Fiano,Fiano,white,1.0,0.98,medium,huglin,new,2291.0,1763.0
Móri,≈ +60y (2081–2100),2081-2100,rcp85,high,1,Touriga Nacional,Touriga Nacional,red,1.0,1.0,medium,huglin,new,2611.0,2138.0
Móri,≈ +60y (2081–2100),2081-2100,rcp85,high,2,Garnacha,Grenache,red,1.0,1.0,medium,huglin,new,2611.0,2138.0
Móri,≈ +60y (2081–2100),2081-2100,rcp85,high,3,Mourvèdre,Mourvèdre / Monastrell,red,1.0,1.0,medium,huglin,new,2611.0,2138.0
Móri,≈ +60y (2081–2100),2081-2100,rcp85,high,4,Aglianico,Aglianico,red,1.0,1.0,medium,huglin,new,2611.0,2138.0
Nagy-Somlói,Near term (2021–2040),2021-2040,rcp45,moderate,1,Merlot,Merlot,red,0.986,0.186,high,frost,new,2229.0,1660.0
Nagy-Somlói,Near term (2021–2040),2021-2040,rcp45,moderate,2,Olaszrizling,Welschriesling / Olaszrizling,white,1.0,0.0,high,huglin,expand,2229.0,1660.0
Nagy-Somlói,Near term (2021–2040),2021-2040,rcp45,moderate,3,Szürkebarát,Pinot gris,white,1.0,0.0,high,huglin,new,2229.0,1660.0
Nagy-Somlói,Near term (2021–2040),2021-2040,rcp45,moderate,4,Sauvignon blanc,Sauvignon Blanc,white,1.0,0.0,high,huglin,new,2229.0,1660.0
Nagy-Somlói,Near term (2021–2040),2021-2040,rcp85,high,1,Merlot,Merlot,red,1.0,0.2,high,huglin,new,2162.0,1607.0
Nagy-Somlói,Near term (2021–2040),2021-2040,rcp85,high,2,Olaszrizling,Welschriesling / Olaszrizling,white,1.0,0.0,high,huglin,expand,2162.0,1607.0
Nagy-Somlói,Near term (2021–2040),2021-2040,rcp85,high,3,Rajnai rizling,Riesling,white,1.0,0.0,high,huglin,new,2162.0,1607.0
Nagy-Somlói,Near term (2021–2040),2021-2040,rcp85,high,4,Rizlingszilváni,Müller-Thurgau,white,1.0,0.0,high,huglin,new,2162.0,1607.0
Nagy-Somlói,≈ +20y (2041–2060),2041-2060,rcp45,moderate,1,Touriga Nacional,Touriga Nacional,red,1.0,0.858,medium,huglin,new,2296.0,1750.0
Nagy-Somlói,≈ +20y (2041–2060),2041-2060,rcp45,moderate,2,Aglianico,Aglianico,red,1.0,0.858,medium,huglin,new,2296.0,1750.0
Nagy-Somlói,≈ +20y (2041–2060),2041-2060,rcp45,moderate,3,Cabernet sauvignon,Cabernet Sauvignon,red,1.0,0.4,high,huglin,new,2296.0,1750.0
Nagy-Somlói,≈ +20y (2041–2060),2041-2060,rcp45,moderate,4,Syrah,Syrah,red,1.0,0.4,high,huglin,new,2296.0,1750.0
Nagy-Somlói,≈ +20y (2041–2060),2041-2060,rcp85,high,1,Merlot,Merlot,red,1.0,0.2,high,huglin,new,2102.0,1616.0
Nagy-Somlói,≈ +20y (2041–2060),2041-2060,rcp85,high,2,Olaszrizling,Welschriesling / Olaszrizling,white,1.0,0.0,high,huglin,expand,2102.0,1616.0
Nagy-Somlói,≈ +20y (2041–2060),2041-2060,rcp85,high,3,Rajnai rizling,Riesling,white,1.0,0.0,high,huglin,new,2102.0,1616.0
Nagy-Somlói,≈ +20y (2041–2060),2041-2060,rcp85,high,4,Rizlingszilváni,Müller-Thurgau,white,1.0,0.0,high,huglin,new,2102.0,1616.0
Nagy-Somlói,≈ +40y (2061–2080),2061-2080,rcp45,moderate,1,Touriga Nacional,Touriga Nacional,red,1.0,0.858,medium,huglin,new,2338.0,1808.0
Nagy-Somlói,≈ +40y (2061–2080),2061-2080,rcp45,moderate,2,Aglianico,Aglianico,red,1.0,0.858,medium,huglin,new,2338.0,1808.0
Nagy-Somlói,≈ +40y (2061–2080),2061-2080,rcp45,moderate,3,Cabernet sauvignon,Cabernet Sauvignon,red,1.0,0.4,high,huglin,new,2338.0,1808.0
Nagy-Somlói,≈ +40y (2061–2080),2061-2080,rcp45,moderate,4,Syrah,Syrah,red,1.0,0.4,high,huglin,new,2338.0,1808.0
Nagy-Somlói,≈ +40y (2061–2080),2061-2080,rcp85,high,1,Garnacha,Grenache,red,1.0,1.0,medium,huglin,new,2496.0,2000.0
Nagy-Somlói,≈ +40y (2061–2080),2061-2080,rcp85,high,2,Mourvèdre,Mourvèdre / Monastrell,red,1.0,1.0,medium,huglin,new,2496.0,2000.0
Nagy-Somlói,≈ +40y (2061–2080),2061-2080,rcp85,high,3,Nero d'Avola,Nero d'Avola,red,1.0,1.0,medium,huglin,new,2496.0,2000.0
Nagy-Somlói,≈ +40y (2061–2080),2061-2080,rcp85,high,4,Assyrtiko,Assyrtiko,white,1.0,0.905,medium,huglin,new,2496.0,2000.0
Nagy-Somlói,≈ +60y (2081–2100),2081-2100,rcp45,moderate,1,Touriga Nacional,Touriga Nacional,red,1.0,0.858,medium,huglin,new,2416.0,1850.0
Nagy-Somlói,≈ +60y (2081–2100),2081-2100,rcp45,moderate,2,Aglianico,Aglianico,red,1.0,0.858,medium,huglin,new,2416.0,1850.0
Nagy-Somlói,≈ +60y (2081–2100),2081-2100,rcp45,moderate,3,Cabernet sauvignon,Cabernet Sauvignon,red,1.0,0.4,high,huglin,new,2416.0,1850.0
Nagy-Somlói,≈ +60y (2081–2100),2081-2100,rcp45,moderate,4,Syrah,Syrah,red,1.0,0.4,high,huglin,new,2416.0,1850.0
Nagy-Somlói,≈ +60y (2081–2100),2081-2100,rcp85,high,1,Garnacha,Grenache,red,1.0,1.0,medium,huglin,new,2717.0,2203.0
Nagy-Somlói,≈ +60y (2081–2100),2081-2100,rcp85,high,2,Mourvèdre,Mourvèdre / Monastrell,red,1.0,1.0,medium,huglin,new,2717.0,2203.0
Nagy-Somlói,≈ +60y (2081–2100),2081-2100,rcp85,high,3,Nero d'Avola,Nero d'Avola,red,1.0,1.0,medium,huglin,new,2717.0,2203.0
Nagy-Somlói,≈ +60y (2081–2100),2081-2100,rcp85,high,4,Assyrtiko,Assyrtiko,white,1.0,0.905,medium,huglin,new,2717.0,2203.0
Neszmélyi,Near term (2021–2040),2021-2040,rcp45,moderate,1,Pinot blanc,Pinot Blanc,white,1.0,0.0,high,huglin,new,2193.0,1599.0
Neszmélyi,Near term (2021–2040),2021-2040,rcp45,moderate,2,Zöld veltelíni,Grüner Veltliner,white,1.0,0.0,high,huglin,new,2193.0,1599.0
Neszmélyi,Near term (2021–2040),2021-2040,rcp45,moderate,3,Kékfrankos,Blaufränkisch,red,1.0,0.0,high,huglin,new,2193.0,1599.0
Neszmélyi,Near term (2021–2040),2021-2040,rcp45,moderate,4,Zweigelt,Zweigelt,red,1.0,0.0,high,huglin,new,2193.0,1599.0
Neszmélyi,Near term (2021–2040),2021-2040,rcp85,high,1,Olaszrizling,Welschriesling / Olaszrizling,white,1.0,0.136,high,huglin,expand,2119.0,1546.0
Neszmélyi,Near term (2021–2040),2021-2040,rcp85,high,2,Szürkebarát,Pinot gris,white,1.0,0.136,high,huglin,new,2119.0,1546.0
Neszmélyi,Near term (2021–2040),2021-2040,rcp85,high,3,Sauvignon blanc,Sauvignon Blanc,white,1.0,0.136,high,huglin,expand,2119.0,1546.0
Neszmélyi,Near term (2021–2040),2021-2040,rcp85,high,4,Chardonnay,Chardonnay,white,1.0,0.136,high,huglin,expand,2119.0,1546.0
Neszmélyi,≈ +20y (2041–2060),2041-2060,rcp45,moderate,1,Fiano,Fiano,white,1.0,0.696,medium,huglin,new,2264.0,1701.0
Neszmélyi,≈ +20y (2041–2060),2041-2060,rcp45,moderate,2,Touriga Nacional,Touriga Nacional,red,0.927,0.927,medium,frost,new,2264.0,1701.0
Neszmélyi,≈ +20y (2041–2060),2041-2060,rcp45,moderate,3,Aglianico,Aglianico,red,0.927,0.927,medium,frost,new,2264.0,1701.0
Neszmélyi,≈ +20y (2041–2060),2041-2060,rcp45,moderate,4,Sangiovese,Sangiovese,red,1.0,0.372,high,huglin,new,2264.0,1701.0
Neszmélyi,≈ +20y (2041–2060),2041-2060,rcp85,high,1,Merlot,Merlot,red,1.0,0.445,high,huglin,new,2060.0,1554.0
Neszmélyi,≈ +20y (2041–2060),2041-2060,rcp85,high,2,Furmint,Furmint,white,1.0,0.445,medium,huglin,new,2060.0,1554.0
Neszmélyi,≈ +20y (2041–2060),2041-2060,rcp85,high,3,Hárslevelű,Harslevelu,white,1.0,0.445,medium,huglin,new,2060.0,1554.0
Neszmélyi,≈ +20y (2041–2060),2041-2060,rcp85,high,4,Kadarka,Kadarka,red,1.0,0.445,medium,huglin,new,2060.0,1554.0
Neszmélyi,≈ +40y (2061–2080),2061-2080,rcp45,moderate,1,Touriga Nacional,Touriga Nacional,red,1.0,1.0,medium,huglin,new,2311.0,1761.0
Neszmélyi,≈ +40y (2061–2080),2061-2080,rcp45,moderate,2,Aglianico,Aglianico,red,1.0,1.0,medium,huglin,new,2311.0,1761.0
Neszmélyi,≈ +40y (2061–2080),2061-2080,rcp45,moderate,3,Tempranillo,Tempranillo,red,1.0,0.805,medium,huglin,new,2311.0,1761.0
Neszmélyi,≈ +40y (2061–2080),2061-2080,rcp45,moderate,4,Cabernet sauvignon,Cabernet Sauvignon,red,1.0,0.597,high,huglin,new,2311.0,1761.0
Neszmélyi,≈ +40y (2061–2080),2061-2080,rcp85,high,1,Touriga Nacional,Touriga Nacional,red,1.0,1.0,medium,huglin,new,2463.0,1955.0
Neszmélyi,≈ +40y (2061–2080),2061-2080,rcp85,high,2,Garnacha,Grenache,red,1.0,1.0,medium,huglin,new,2463.0,1955.0
Neszmélyi,≈ +40y (2061–2080),2061-2080,rcp85,high,3,Mourvèdre,Mourvèdre / Monastrell,red,1.0,1.0,medium,huglin,new,2463.0,1955.0
Neszmélyi,≈ +40y (2061–2080),2061-2080,rcp85,high,4,Aglianico,Aglianico,red,1.0,1.0,medium,huglin,new,2463.0,1955.0
Neszmélyi,≈ +60y (2081–2100),2081-2100,rcp45,moderate,1,Touriga Nacional,Touriga Nacional,red,1.0,1.0,medium,huglin,new,2383.0,1803.0
Neszmélyi,≈ +60y (2081–2100),2081-2100,rcp45,moderate,2,Aglianico,Aglianico,red,1.0,1.0,medium,huglin,new,2383.0,1803.0
Neszmélyi,≈ +60y (2081–2100),2081-2100,rcp45,moderate,3,Tempranillo,Tempranillo,red,1.0,0.805,medium,huglin,new,2383.0,1803.0
Neszmélyi,≈ +60y (2081–2100),2081-2100,rcp45,moderate,4,Cabernet sauvignon,Cabernet Sauvignon,red,1.0,0.597,high,huglin,new,2383.0,1803.0
Neszmélyi,≈ +60y (2081–2100),2081-2100,rcp85,high,1,Touriga Nacional,Touriga Nacional,red,1.0,1.0,medium,huglin,new,2695.0,2175.0
Neszmélyi,≈ +60y (2081–2100),2081-2100,rcp85,high,2,Garnacha,Grenache,red,1.0,1.0,medium,huglin,new,2695.0,2175.0
Neszmélyi,≈ +60y (2081–2100),2081-2100,rcp85,high,3,Mourvèdre,Mourvèdre / Monastrell,red,1.0,1.0,medium,huglin,new,2695.0,2175.0
Neszmélyi,≈ +60y (2081–2100),2081-2100,rcp85,high,4,Nero d'Avola,Nero d'Avola,red,1.0,1.0,medium,huglin,new,2695.0,2175.0
Pannonhalmi,Near term (2021–2040),2021-2040,rcp45,moderate,1,Olaszrizling,Welschriesling / Olaszrizling,white,1.0,0.026,high,huglin,expand,2246.0,1665.0
Pannonhalmi,Near term (2021–2040),2021-2040,rcp45,moderate,2,Szürkebarát,Pinot gris,white,1.0,0.026,high,huglin,new,2246.0,1665.0
Pannonhalmi,Near term (2021–2040),2021-2040,rcp45,moderate,3,Sauvignon blanc,Sauvignon Blanc,white,1.0,0.026,high,huglin,expand,2246.0,1665.0
Pannonhalmi,Near term (2021–2040),2021-2040,rcp45,moderate,4,Chardonnay,Chardonnay,white,1.0,0.026,high,huglin,expand,2246.0,1665.0
Pannonhalmi,Near term (2021–2040),2021-2040,rcp85,high,1,Merlot,Merlot,red,1.0,0.306,high,huglin,new,2172.0,1608.0
Pannonhalmi,Near term (2021–2040),2021-2040,rcp85,high,2,Furmint,Furmint,white,1.0,0.306,medium,huglin,new,2172.0,1608.0
Pannonhalmi,Near term (2021–2040),2021-2040,rcp85,high,3,Hárslevelű,Harslevelu,white,1.0,0.306,medium,huglin,new,2172.0,1608.0
Pannonhalmi,Near term (2021–2040),2021-2040,rcp85,high,4,Kadarka,Kadarka,red,1.0,0.306,medium,huglin,new,2172.0,1608.0
Pannonhalmi,≈ +20y (2041–2060),2041-2060,rcp45,moderate,1,Touriga Nacional,Touriga Nacional,red,1.0,0.867,medium,huglin,new,2308.0,1756.0
Pannonhalmi,≈ +20y (2041–2060),2041-2060,rcp45,moderate,2,Aglianico,Aglianico,red,1.0,0.867,medium,huglin,new,2308.0,1756.0
Pannonhalmi,≈ +20y (2041–2060),2041-2060,rcp45,moderate,3,Cabernet sauvignon,Cabernet Sauvignon,red,1.0,0.48,high,huglin,new,2308.0,1756.0
Pannonhalmi,≈ +20y (2041–2060),2041-2060,rcp45,moderate,4,Syrah,Syrah,red,1.0,0.48,high,huglin,new,2308.0,1756.0
Pannonhalmi,≈ +20y (2041–2060),2041-2060,rcp85,high,1,Merlot,Merlot,red,1.0,0.306,high,huglin,new,2107.0,1612.0
Pannonhalmi,≈ +20y (2041–2060),2041-2060,rcp85,high,2,Furmint,Furmint,white,1.0,0.306,medium,huglin,new,2107.0,1612.0
Pannonhalmi,≈ +20y (2041–2060),2041-2060,rcp85,high,3,Hárslevelű,Harslevelu,white,1.0,0.306,medium,huglin,new,2107.0,1612.0
Pannonhalmi,≈ +20y (2041–2060),2041-2060,rcp85,high,4,Kadarka,Kadarka,red,1.0,0.306,medium,huglin,new,2107.0,1612.0
Pannonhalmi,≈ +40y (2061–2080),2061-2080,rcp45,moderate,1,Touriga Nacional,Touriga Nacional,red,1.0,0.867,medium,huglin,new,2354.0,1817.0
Pannonhalmi,≈ +40y (2061–2080),2061-2080,rcp45,moderate,2,Aglianico,Aglianico,red,1.0,0.867,medium,huglin,new,2354.0,1817.0
Pannonhalmi,≈ +40y (2061–2080),2061-2080,rcp45,moderate,3,Cabernet sauvignon,Cabernet Sauvignon,red,1.0,0.48,high,huglin,new,2354.0,1817.0
Pannonhalmi,≈ +40y (2061–2080),2061-2080,rcp45,moderate,4,Syrah,Syrah,red,1.0,0.48,high,huglin,new,2354.0,1817.0
Pannonhalmi,≈ +40y (2061–2080),2061-2080,rcp85,high,1,Garnacha,Grenache,red,1.0,1.0,medium,huglin,new,2506.0,2007.0
Pannonhalmi,≈ +40y (2061–2080),2061-2080,rcp85,high,2,Mourvèdre,Mourvèdre / Monastrell,red,1.0,1.0,medium,huglin,new,2506.0,2007.0
Pannonhalmi,≈ +40y (2061–2080),2061-2080,rcp85,high,3,Nero d'Avola,Nero d'Avola,red,1.0,1.0,medium,huglin,new,2506.0,2007.0
Pannonhalmi,≈ +40y (2061–2080),2061-2080,rcp85,high,4,Assyrtiko,Assyrtiko,white,1.0,0.911,medium,huglin,new,2506.0,2007.0
Pannonhalmi,≈ +60y (2081–2100),2081-2100,rcp45,moderate,1,Touriga Nacional,Touriga Nacional,red,1.0,0.867,medium,huglin,new,2440.0,1865.0
Pannonhalmi,≈ +60y (2081–2100),2081-2100,rcp45,moderate,2,Aglianico,Aglianico,red,1.0,0.867,medium,huglin,new,2440.0,1865.0
Pannonhalmi,≈ +60y (2081–2100),2081-2100,rcp45,moderate,3,Cabernet sauvignon,Cabernet Sauvignon,red,1.0,0.48,high,huglin,new,2440.0,1865.0
Pannonhalmi,≈ +60y (2081–2100),2081-2100,rcp45,moderate,4,Syrah,Syrah,red,1.0,0.48,high,huglin,new,2440.0,1865.0
Pannonhalmi,≈ +60y (2081–2100),2081-2100,rcp85,high,1,Garnacha,Grenache,red,0.969,0.969,medium,heat,new,2731.0,2218.0
Pannonhalmi,≈ +60y (2081–2100),2081-2100,rcp85,high,2,Mourvèdre,Mourvèdre / Monastrell,red,0.969,0.969,medium,heat,new,2731.0,2218.0
Pannonhalmi,≈ +60y (2081–2100),2081-2100,rcp85,high,3,Nero d'Avola,Nero d'Avola,red,0.969,0.969,medium,heat,new,2731.0,2218.0
Pannonhalmi,≈ +60y (2081–2100),2081-2100,rcp85,high,4,Assyrtiko,Assyrtiko,white,0.969,0.881,medium,heat,new,2731.0,2218.0
Pécsi,Near term (2021–2040),2021-2040,rcp45,moderate,1,Touriga Nacional,Touriga Nacional,red,1.0,0.623,medium,huglin,new,2287.0,1749.0
Pécsi,Near term (2021–2040),2021-2040,rcp45,moderate,2,Aglianico,Aglianico,red,1.0,0.623,medium,huglin,new,2287.0,1749.0
Pécsi,Near term (2021–2040),2021-2040,rcp45,moderate,3,Cabernet sauvignon,Cabernet Sauvignon,red,1.0,0.341,high,huglin,expand,2287.0,1749.0
Pécsi,Near term (2021–2040),2021-2040,rcp45,moderate,4,Syrah,Syrah,red,1.0,0.341,high,huglin,new,2287.0,1749.0
Pécsi,Near term (2021–2040),2021-2040,rcp85,high,1,Touriga Nacional,Touriga Nacional,red,1.0,0.623,medium,huglin,new,2238.0,1712.0
Pécsi,Near term (2021–2040),2021-2040,rcp85,high,2,Aglianico,Aglianico,red,1.0,0.623,medium,huglin,new,2238.0,1712.0
Pécsi,Near term (2021–2040),2021-2040,rcp85,high,3,Cabernet sauvignon,Cabernet Sauvignon,red,1.0,0.341,high,huglin,expand,2238.0,1712.0
Pécsi,Near term (2021–2040),2021-2040,rcp85,high,4,Syrah,Syrah,red,1.0,0.341,high,huglin,new,2238.0,1712.0
Pécsi,≈ +20y (2041–2060),2041-2060,rcp45,moderate,1,Touriga Nacional,Touriga Nacional,red,1.0,0.623,medium,huglin,new,2369.0,1854.0
Pécsi,≈ +20y (2041–2060),2041-2060,rcp45,moderate,2,Aglianico,Aglianico,red,1.0,0.623,medium,huglin,new,2369.0,1854.0
Pécsi,≈ +20y (2041–2060),2041-2060,rcp45,moderate,3,Cabernet sauvignon,Cabernet Sauvignon,red,1.0,0.341,high,huglin,expand,2369.0,1854.0
Pécsi,≈ +20y (2041–2060),2041-2060,rcp45,moderate,4,Syrah,Syrah,red,1.0,0.341,high,huglin,new,2369.0,1854.0
Pécsi,≈ +20y (2041–2060),2041-2060,rcp85,high,1,Touriga Nacional,Touriga Nacional,red,1.0,0.623,medium,huglin,new,2200.0,1740.0
Pécsi,≈ +20y (2041–2060),2041-2060,rcp85,high,2,Aglianico,Aglianico,red,1.0,0.623,medium,huglin,new,2200.0,1740.0
Pécsi,≈ +20y (2041–2060),2041-2060,rcp85,high,3,Cabernet sauvignon,Cabernet Sauvignon,red,1.0,0.341,high,huglin,expand,2200.0,1740.0
Pécsi,≈ +20y (2041–2060),2041-2060,rcp85,high,4,Syrah,Syrah,red,1.0,0.341,high,huglin,new,2200.0,1740.0
Pécsi,≈ +40y (2061–2080),2061-2080,rcp45,moderate,1,Touriga Nacional,Touriga Nacional,red,1.0,0.623,medium,huglin,new,2413.0,1919.0
Pécsi,≈ +40y (2061–2080),2061-2080,rcp45,moderate,2,Aglianico,Aglianico,red,1.0,0.623,medium,huglin,new,2413.0,1919.0
Pécsi,≈ +40y (2061–2080),2061-2080,rcp45,moderate,3,Cabernet sauvignon,Cabernet Sauvignon,red,1.0,0.341,high,huglin,expand,2413.0,1919.0
Pécsi,≈ +40y (2061–2080),2061-2080,rcp45,moderate,4,Syrah,Syrah,red,1.0,0.341,high,huglin,new,2413.0,1919.0
Pécsi,≈ +40y (2061–2080),2061-2080,rcp85,high,1,Mourvèdre,Mourvèdre / Monastrell,red,1.0,1.0,medium,huglin,new,2612.0,2163.0
Pécsi,≈ +40y (2061–2080),2061-2080,rcp85,high,2,Nero d'Avola,Nero d'Avola,red,1.0,1.0,medium,huglin,new,2612.0,2163.0
Pécsi,≈ +40y (2061–2080),2061-2080,rcp85,high,3,Garnacha,Grenache,red,1.0,0.968,medium,huglin,new,2612.0,2163.0
Pécsi,≈ +40y (2061–2080),2061-2080,rcp85,high,4,Carignan,Carignan / Mazuelo,red,1.0,0.968,low,huglin,new,2612.0,2163.0
Pécsi,≈ +60y (2081–2100),2081-2100,rcp45,moderate,1,Mourvèdre,Mourvèdre / Monastrell,red,1.0,1.0,medium,huglin,new,2496.0,1978.0
Pécsi,≈ +60y (2081–2100),2081-2100,rcp45,moderate,2,Nero d'Avola,Nero d'Avola,red,1.0,1.0,medium,huglin,new,2496.0,1978.0
Pécsi,≈ +60y (2081–2100),2081-2100,rcp45,moderate,3,Garnacha,Grenache,red,1.0,0.968,medium,huglin,new,2496.0,1978.0
Pécsi,≈ +60y (2081–2100),2081-2100,rcp45,moderate,4,Carignan,Carignan / Mazuelo,red,1.0,0.968,low,huglin,new,2496.0,1978.0
Pécsi,≈ +60y (2081–2100),2081-2100,rcp85,high,1,Mourvèdre,Mourvèdre / Monastrell,red,0.95,0.95,medium,heat,new,2801.0,2337.0
Pécsi,≈ +60y (2081–2100),2081-2100,rcp85,high,2,Nero d'Avola,Nero d'Avola,red,0.95,0.95,medium,heat,new,2801.0,2337.0
Pécsi,≈ +60y (2081–2100),2081-2100,rcp85,high,3,Garnacha,Grenache,red,0.95,0.918,medium,heat,new,2801.0,2337.0
Pécsi,≈ +60y (2081–2100),2081-2100,rcp85,high,4,Carignan,Carignan / Mazuelo,red,0.95,0.918,low,heat,new,2801.0,2337.0
Soproni,Near term (2021–2040),2021-2040,rcp45,moderate,1,Merlot,Merlot,red,1.0,0.07,high,huglin,expand,2195.0,1644.0
Soproni,Near term (2021–2040),2021-2040,rcp45,moderate,2,Olaszrizling,Welschriesling / Olaszrizling,white,1.0,0.0,high,huglin,new,2195.0,1644.0
Soproni,Near term (2021–2040),2021-2040,rcp45,moderate,3,Rajnai rizling,Riesling,white,1.0,0.0,high,huglin,new,2195.0,1644.0
Soproni,Near term (2021–2040),2021-2040,rcp45,moderate,4,Rizlingszilváni,Müller-Thurgau,white,1.0,0.0,high,huglin,new,2195.0,1644.0
Soproni,Near term (2021–2040),2021-2040,rcp85,high,1,Merlot,Merlot,red,1.0,0.07,high,huglin,expand,2117.0,1582.0
Soproni,Near term (2021–2040),2021-2040,rcp85,high,2,Olaszrizling,Welschriesling / Olaszrizling,white,1.0,0.0,high,huglin,new,2117.0,1582.0
Soproni,Near term (2021–2040),2021-2040,rcp85,high,3,Rajnai rizling,Riesling,white,1.0,0.0,high,huglin,new,2117.0,1582.0
Soproni,Near term (2021–2040),2021-2040,rcp85,high,4,Rizlingszilváni,Müller-Thurgau,white,1.0,0.0,high,huglin,new,2117.0,1582.0
Soproni,≈ +20y (2041–2060),2041-2060,rcp45,moderate,1,Touriga Nacional,Touriga Nacional,red,1.0,0.962,medium,huglin,new,2248.0,1720.0
Soproni,≈ +20y (2041–2060),2041-2060,rcp45,moderate,2,Aglianico,Aglianico,red,1.0,0.962,medium,huglin,new,2248.0,1720.0
Soproni,≈ +20y (2041–2060),2041-2060,rcp45,moderate,3,Tempranillo,Tempranillo,red,1.0,0.614,medium,huglin,new,2248.0,1720.0
Soproni,≈ +20y (2041–2060),2041-2060,rcp45,moderate,4,Fiano,Fiano,white,1.0,0.585,medium,huglin,new,2248.0,1720.0
Soproni,≈ +20y (2041–2060),2041-2060,rcp85,high,1,Merlot,Merlot,red,1.0,0.07,high,huglin,expand,2061.0,1589.0
Soproni,≈ +20y (2041–2060),2041-2060,rcp85,high,2,Olaszrizling,Welschriesling / Olaszrizling,white,1.0,0.0,high,huglin,new,2061.0,1589.0
Soproni,≈ +20y (2041–2060),2041-2060,rcp85,high,3,Rajnai rizling,Riesling,white,1.0,0.0,high,huglin,new,2061.0,1589.0
Soproni,≈ +20y (2041–2060),2041-2060,rcp85,high,4,Rizlingszilváni,Müller-Thurgau,white,1.0,0.0,high,huglin,new,2061.0,1589.0
Soproni,≈ +40y (2061–2080),2061-2080,rcp45,moderate,1,Touriga Nacional,Touriga Nacional,red,1.0,0.962,medium,huglin,new,2291.0,1781.0
Soproni,≈ +40y (2061–2080),2061-2080,rcp45,moderate,2,Aglianico,Aglianico,red,1.0,0.962,medium,huglin,new,2291.0,1781.0
Soproni,≈ +40y (2061–2080),2061-2080,rcp45,moderate,3,Tempranillo,Tempranillo,red,1.0,0.614,medium,huglin,new,2291.0,1781.0
Soproni,≈ +40y (2061–2080),2061-2080,rcp45,moderate,4,Fiano,Fiano,white,1.0,0.585,medium,huglin,new,2291.0,1781.0
Soproni,≈ +40y (2061–2080),2061-2080,rcp85,high,1,Garnacha,Grenache,red,1.0,1.0,medium,huglin,new,2460.0,1982.0
Soproni,≈ +40y (2061–2080),2061-2080,rcp85,high,2,Mourvèdre,Mourvèdre / Monastrell,red,1.0,1.0,medium,huglin,new,2460.0,1982.0
Soproni,≈ +40y (2061–2080),2061-2080,rcp85,high,3,Nero d'Avola,Nero d'Avola,red,1.0,1.0,medium,huglin,new,2460.0,1982.0
Soproni,≈ +40y (2061–2080),2061-2080,rcp85,high,4,Assyrtiko,Assyrtiko,white,1.0,0.975,medium,huglin,new,2460.0,1982.0
Soproni,≈ +60y (2081–2100),2081-2100,rcp45,moderate,1,Touriga Nacional,Touriga Nacional,red,1.0,0.962,medium,huglin,new,2375.0,1829.0
Soproni,≈ +60y (2081–2100),2081-2100,rcp45,moderate,2,Aglianico,Aglianico,red,1.0,0.962,medium,huglin,new,2375.0,1829.0
Soproni,≈ +60y (2081–2100),2081-2100,rcp45,moderate,3,Tempranillo,Tempranillo,red,1.0,0.614,medium,huglin,new,2375.0,1829.0
Soproni,≈ +60y (2081–2100),2081-2100,rcp45,moderate,4,Fiano,Fiano,white,1.0,0.585,medium,huglin,new,2375.0,1829.0
Soproni,≈ +60y (2081–2100),2081-2100,rcp85,high,1,Garnacha,Grenache,red,1.0,1.0,medium,huglin,new,2673.0,2178.0
Soproni,≈ +60y (2081–2100),2081-2100,rcp85,high,2,Mourvèdre,Mourvèdre / Monastrell,red,1.0,1.0,medium,huglin,new,2673.0,2178.0
Soproni,≈ +60y (2081–2100),2081-2100,rcp85,high,3,Nero d'Avola,Nero d'Avola,red,1.0,1.0,medium,huglin,new,2673.0,2178.0
Soproni,≈ +60y (2081–2100),2081-2100,rcp85,high,4,Assyrtiko,Assyrtiko,white,1.0,0.975,medium,huglin,new,2673.0,2178.0
Szekszárdi,Near term (2021–2040),2021-2040,rcp45,moderate,1,Sangiovese,Sangiovese,red,0.925,0.207,high,heat,new,2415.0,1806.0
Szekszárdi,Near term (2021–2040),2021-2040,rcp45,moderate,2,Vermentino,Vermentino,white,0.925,0.207,medium,heat,new,2415.0,1806.0
Szekszárdi,Near term (2021–2040),2021-2040,rcp45,moderate,3,Fiano,Fiano,white,0.925,0.207,medium,heat,new,2415.0,1806.0
Szekszárdi,Near term (2021–2040),2021-2040,rcp45,moderate,4,Verdejo,Verdejo,white,0.925,0.207,medium,heat,new,2415.0,1806.0
Szekszárdi,Near term (2021–2040),2021-2040,rcp85,high,1,Cabernet sauvignon,Cabernet Sauvignon,red,0.973,0.468,high,frost,expand,2367.0,1774.0
Szekszárdi,Near term (2021–2040),2021-2040,rcp85,high,2,Syrah,Syrah,red,0.973,0.468,high,frost,expand,2367.0,1774.0
Szekszárdi,Near term (2021–2040),2021-2040,rcp85,high,3,Sangiovese,Sangiovese,red,1.0,0.282,high,huglin,new,2367.0,1774.0
Szekszárdi,Near term (2021–2040),2021-2040,rcp85,high,4,Merlot,Merlot,red,0.973,0.3,high,frost,expand,2367.0,1774.0
Szekszárdi,≈ +20y (2041–2060),2041-2060,rcp45,moderate,1,Touriga Nacional,Touriga Nacional,red,0.941,0.436,medium,frost,new,2506.0,1919.0
Szekszárdi,≈ +20y (2041–2060),2041-2060,rcp45,moderate,2,Syrah,Syrah,red,0.856,0.351,high,heat,expand,2506.0,1919.0
Szekszárdi,≈ +20y (2041–2060),2041-2060,rcp45,moderate,3,Tempranillo,Tempranillo,red,0.856,0.351,medium,heat,new,2506.0,1919.0
Szekszárdi,≈ +20y (2041–2060),2041-2060,rcp45,moderate,4,Aglianico,Aglianico,red,0.856,0.351,medium,heat,new,2506.0,1919.0
Szekszárdi,≈ +20y (2041–2060),2041-2060,rcp85,high,1,Cabernet sauvignon,Cabernet Sauvignon,red,1.0,0.495,high,huglin,expand,2331.0,1805.0
Szekszárdi,≈ +20y (2041–2060),2041-2060,rcp85,high,2,Syrah,Syrah,red,1.0,0.495,high,huglin,expand,2331.0,1805.0
Szekszárdi,≈ +20y (2041–2060),2041-2060,rcp85,high,3,Merlot,Merlot,red,1.0,0.327,high,huglin,expand,2331.0,1805.0
Szekszárdi,≈ +20y (2041–2060),2041-2060,rcp85,high,4,Tempranillo,Tempranillo,red,1.0,0.495,medium,huglin,new,2331.0,1805.0
Szekszárdi,≈ +40y (2061–2080),2061-2080,rcp45,moderate,1,Mourvèdre,Mourvèdre / Monastrell,red,1.0,0.931,medium,huglin,new,2556.0,1990.0
Szekszárdi,≈ +40y (2061–2080),2061-2080,rcp45,moderate,2,Nero d'Avola,Nero d'Avola,red,1.0,0.931,medium,huglin,new,2556.0,1990.0
Szekszárdi,≈ +40y (2061–2080),2061-2080,rcp45,moderate,3,Garnacha,Grenache,red,1.0,0.763,medium,huglin,new,2556.0,1990.0
Szekszárdi,≈ +40y (2061–2080),2061-2080,rcp45,moderate,4,Assyrtiko,Assyrtiko,white,1.0,0.664,medium,huglin,new,2556.0,1990.0
Szekszárdi,≈ +40y (2061–2080),2061-2080,rcp85,high,1,Mourvèdre,Mourvèdre / Monastrell,red,0.903,0.834,medium,heat,new,2744.0,2225.0
Szekszárdi,≈ +40y (2061–2080),2061-2080,rcp85,high,2,Nero d'Avola,Nero d'Avola,red,0.903,0.834,medium,heat,new,2744.0,2225.0
Szekszárdi,≈ +40y (2061–2080),2061-2080,rcp85,high,3,Garnacha,Grenache,red,0.903,0.666,medium,heat,new,2744.0,2225.0
Szekszárdi,≈ +40y (2061–2080),2061-2080,rcp85,high,4,Assyrtiko,Assyrtiko,white,0.903,0.566,medium,heat,new,2744.0,2225.0
Szekszárdi,≈ +60y (2081–2100),2081-2100,rcp45,moderate,1,Mourvèdre,Mourvèdre / Monastrell,red,1.0,0.931,medium,huglin,new,2635.0,2045.0
Szekszárdi,≈ +60y (2081–2100),2081-2100,rcp45,moderate,2,Nero d'Avola,Nero d'Avola,red,1.0,0.931,medium,huglin,new,2635.0,2045.0
Szekszárdi,≈ +60y (2081–2100),2081-2100,rcp45,moderate,3,Garnacha,Grenache,red,1.0,0.763,medium,huglin,new,2635.0,2045.0
Szekszárdi,≈ +60y (2081–2100),2081-2100,rcp45,moderate,4,Syrah,Syrah,red,1.0,0.495,high,huglin,expand,2635.0,2045.0
Tokaji,Near term (2021–2040),2021-2040,rcp45,moderate,1,Olaszrizling,Welschriesling / Olaszrizling,white,1.0,0.0,high,huglin,new,2192.0,1644.0
Tokaji,Near term (2021–2040),2021-2040,rcp45,moderate,2,Rajnai rizling,Riesling,white,1.0,0.0,high,huglin,new,2192.0,1644.0
Tokaji,Near term (2021–2040),2021-2040,rcp45,moderate,3,Rizlingszilváni,Müller-Thurgau,white,1.0,0.0,high,huglin,new,2192.0,1644.0
Tokaji,Near term (2021–2040),2021-2040,rcp45,moderate,4,Müller-Thurgau,Müller-Thurgau,white,1.0,0.0,high,huglin,new,2192.0,1644.0
Tokaji,Near term (2021–2040),2021-2040,rcp85,high,1,Merlot,Merlot,red,1.0,0.273,high,huglin,new,2141.0,1617.0
Tokaji,Near term (2021–2040),2021-2040,rcp85,high,2,Furmint,Furmint,white,1.0,0.273,medium,huglin,expand,2141.0,1617.0
Tokaji,Near term (2021–2040),2021-2040,rcp85,high,3,Hárslevelű,Harslevelu,white,1.0,0.273,medium,huglin,expand,2141.0,1617.0
Tokaji,Near term (2021–2040),2021-2040,rcp85,high,4,Kadarka,Kadarka,red,1.0,0.273,medium,huglin,new,2141.0,1617.0
Tokaji,≈ +20y (2041–2060),2041-2060,rcp45,moderate,1,Touriga Nacional,Touriga Nacional,red,0.964,0.847,medium,frost,new,2294.0,1766.0
Tokaji,≈ +20y (2041–2060),2041-2060,rcp45,moderate,2,Aglianico,Aglianico,red,0.964,0.847,medium,frost,new,2294.0,1766.0
Tokaji,≈ +20y (2041–2060),2041-2060,rcp45,moderate,3,Cabernet sauvignon,Cabernet Sauvignon,red,0.964,0.418,high,frost,new,2294.0,1766.0
Tokaji,≈ +20y (2041–2060),2041-2060,rcp45,moderate,4,Syrah,Syrah,red,0.964,0.418,high,frost,new,2294.0,1766.0
Tokaji,≈ +20y (2041–2060),2041-2060,rcp85,high,1,Cabernet sauvignon,Cabernet Sauvignon,red,1.0,0.455,high,huglin,new,2157.0,1692.0
Tokaji,≈ +20y (2041–2060),2041-2060,rcp85,high,2,Syrah,Syrah,red,1.0,0.455,high,huglin,new,2157.0,1692.0
Tokaji,≈ +20y (2041–2060),2041-2060,rcp85,high,3,Tempranillo,Tempranillo,red,1.0,0.611,medium,huglin,new,2157.0,1692.0
Tokaji,≈ +20y (2041–2060),2041-2060,rcp85,high,4,Merlot,Merlot,red,1.0,0.273,high,huglin,new,2157.0,1692.0
Tokaji,≈ +40y (2061–2080),2061-2080,rcp45,moderate,1,Touriga Nacional,Touriga Nacional,red,1.0,0.884,medium,huglin,new,2365.0,1848.0
Tokaji,≈ +40y (2061–2080),2061-2080,rcp45,moderate,2,Aglianico,Aglianico,red,1.0,0.884,medium,huglin,new,2365.0,1848.0
Tokaji,≈ +40y (2061–2080),2061-2080,rcp45,moderate,3,Cabernet sauvignon,Cabernet Sauvignon,red,1.0,0.455,high,huglin,new,2365.0,1848.0
Tokaji,≈ +40y (2061–2080),2061-2080,rcp45,moderate,4,Syrah,Syrah,red,1.0,0.455,high,huglin,new,2365.0,1848.0
Tokaji,≈ +40y (2061–2080),2061-2080,rcp85,high,1,Garnacha,Grenache,red,1.0,1.0,medium,huglin,new,2521.0,2051.0
Tokaji,≈ +40y (2061–2080),2061-2080,rcp85,high,2,Mourvèdre,Mourvèdre / Monastrell,red,1.0,1.0,medium,huglin,new,2521.0,2051.0
Tokaji,≈ +40y (2061–2080),2061-2080,rcp85,high,3,Nero d'Avola,Nero d'Avola,red,1.0,1.0,medium,huglin,new,2521.0,2051.0
Tokaji,≈ +40y (2061–2080),2061-2080,rcp85,high,4,Assyrtiko,Assyrtiko,white,1.0,0.923,medium,huglin,new,2521.0,2051.0
Tokaji,≈ +60y (2081–2100),2081-2100,rcp45,moderate,1,Touriga Nacional,Touriga Nacional,red,1.0,0.884,medium,huglin,new,2449.0,1912.0
Tokaji,≈ +60y (2081–2100),2081-2100,rcp45,moderate,2,Aglianico,Aglianico,red,1.0,0.884,medium,huglin,new,2449.0,1912.0
Tokaji,≈ +60y (2081–2100),2081-2100,rcp45,moderate,3,Cabernet sauvignon,Cabernet Sauvignon,red,1.0,0.455,high,huglin,new,2449.0,1912.0
Tokaji,≈ +60y (2081–2100),2081-2100,rcp45,moderate,4,Syrah,Syrah,red,1.0,0.455,high,huglin,new,2449.0,1912.0
Tokaji,≈ +60y (2081–2100),2081-2100,rcp85,high,1,Garnacha,Grenache,red,1.0,1.0,medium,huglin,new,2749.0,2268.0
Tokaji,≈ +60y (2081–2100),2081-2100,rcp85,high,2,Mourvèdre,Mourvèdre / Monastrell,red,1.0,1.0,medium,huglin,new,2749.0,2268.0
Tokaji,≈ +60y (2081–2100),2081-2100,rcp85,high,3,Nero d'Avola,Nero d'Avola,red,1.0,1.0,medium,huglin,new,2749.0,2268.0
Tokaji,≈ +60y (2081–2100),2081-2100,rcp85,high,4,Assyrtiko,Assyrtiko,white,1.0,0.923,medium,huglin,new,2749.0,2268.0
Tolnai,Near term (2021–2040),2021-2040,rcp45,moderate,1,Cabernet sauvignon,Cabernet Sauvignon,red,1.0,0.4,high,huglin,expand,2346.0,1765.0
Tolnai,Near term (2021–2040),2021-2040,rcp45,moderate,2,Syrah,Syrah,red,1.0,0.4,high,huglin,new,2346.0,1765.0
Tolnai,Near term (2021–2040),2021-2040,rcp45,moderate,3,Touriga Nacional,Touriga Nacional,red,1.0,0.496,medium,huglin,new,2346.0,1765.0
Tolnai,Near term (2021–2040),2021-2040,rcp45,moderate,4,Aglianico,Aglianico,red,1.0,0.496,medium,huglin,new,2346.0,1765.0
Tolnai,Near term (2021–2040),2021-2040,rcp85,high,1,Cabernet sauvignon,Cabernet Sauvignon,red,1.0,0.4,high,huglin,expand,2300.0,1735.0
Tolnai,Near term (2021–2040),2021-2040,rcp85,high,2,Syrah,Syrah,red,1.0,0.4,high,huglin,new,2300.0,1735.0
Tolnai,Near term (2021–2040),2021-2040,rcp85,high,3,Touriga Nacional,Touriga Nacional,red,1.0,0.496,medium,huglin,new,2300.0,1735.0
Tolnai,Near term (2021–2040),2021-2040,rcp85,high,4,Aglianico,Aglianico,red,1.0,0.496,medium,huglin,new,2300.0,1735.0
Tolnai,≈ +20y (2041–2060),2041-2060,rcp45,moderate,1,Cabernet sauvignon,Cabernet Sauvignon,red,1.0,0.4,high,huglin,expand,2430.0,1871.0
Tolnai,≈ +20y (2041–2060),2041-2060,rcp45,moderate,2,Syrah,Syrah,red,1.0,0.4,high,huglin,new,2430.0,1871.0
Tolnai,≈ +20y (2041–2060),2041-2060,rcp45,moderate,3,Touriga Nacional,Touriga Nacional,red,1.0,0.496,medium,huglin,new,2430.0,1871.0
Tolnai,≈ +20y (2041–2060),2041-2060,rcp45,moderate,4,Aglianico,Aglianico,red,1.0,0.496,medium,huglin,new,2430.0,1871.0
Tolnai,≈ +20y (2041–2060),2041-2060,rcp85,high,1,Cabernet sauvignon,Cabernet Sauvignon,red,1.0,0.4,high,huglin,expand,2250.0,1756.0
Tolnai,≈ +20y (2041–2060),2041-2060,rcp85,high,2,Syrah,Syrah,red,1.0,0.4,high,huglin,new,2250.0,1756.0
Tolnai,≈ +20y (2041–2060),2041-2060,rcp85,high,3,Touriga Nacional,Touriga Nacional,red,1.0,0.496,medium,huglin,new,2250.0,1756.0
Tolnai,≈ +20y (2041–2060),2041-2060,rcp85,high,4,Aglianico,Aglianico,red,1.0,0.496,medium,huglin,new,2250.0,1756.0
Tolnai,≈ +40y (2061–2080),2061-2080,rcp45,moderate,1,Cabernet sauvignon,Cabernet Sauvignon,red,1.0,0.4,high,huglin,expand,2479.0,1940.0
Tolnai,≈ +40y (2061–2080),2061-2080,rcp45,moderate,2,Syrah,Syrah,red,1.0,0.4,high,huglin,new,2479.0,1940.0
Tolnai,≈ +40y (2061–2080),2061-2080,rcp45,moderate,3,Touriga Nacional,Touriga Nacional,red,1.0,0.496,medium,huglin,new,2479.0,1940.0
Tolnai,≈ +40y (2061–2080),2061-2080,rcp45,moderate,4,Aglianico,Aglianico,red,1.0,0.496,medium,huglin,new,2479.0,1940.0
Tolnai,≈ +40y (2061–2080),2061-2080,rcp85,high,1,Mourvèdre,Mourvèdre / Monastrell,red,1.0,1.0,medium,huglin,new,2665.0,2174.0
Tolnai,≈ +40y (2061–2080),2061-2080,rcp85,high,2,Nero d'Avola,Nero d'Avola,red,1.0,1.0,medium,huglin,new,2665.0,2174.0
Tolnai,≈ +40y (2061–2080),2061-2080,rcp85,high,3,Garnacha,Grenache,red,1.0,0.864,medium,huglin,new,2665.0,2174.0
Tolnai,≈ +40y (2061–2080),2061-2080,rcp85,high,4,Carignan,Carignan / Mazuelo,red,1.0,0.864,low,huglin,new,2665.0,2174.0
Tolnai,≈ +60y (2081–2100),2081-2100,rcp45,moderate,1,Mourvèdre,Mourvèdre / Monastrell,red,1.0,1.0,medium,huglin,new,2565.0,2001.0
Tolnai,≈ +60y (2081–2100),2081-2100,rcp45,moderate,2,Nero d'Avola,Nero d'Avola,red,1.0,1.0,medium,huglin,new,2565.0,2001.0
Tolnai,≈ +60y (2081–2100),2081-2100,rcp45,moderate,3,Garnacha,Grenache,red,1.0,0.864,medium,huglin,new,2565.0,2001.0
Tolnai,≈ +60y (2081–2100),2081-2100,rcp45,moderate,4,Carignan,Carignan / Mazuelo,red,1.0,0.864,low,huglin,new,2565.0,2001.0
Tolnai,≈ +60y (2081–2100),2081-2100,rcp85,high,1,Mourvèdre,Mourvèdre / Monastrell,red,0.758,0.758,medium,heat,new,2869.0,2362.0
Tolnai,≈ +60y (2081–2100),2081-2100,rcp85,high,2,Nero d'Avola,Nero d'Avola,red,0.758,0.758,medium,heat,new,2869.0,2362.0
Tolnai,≈ +60y (2081–2100),2081-2100,rcp85,high,3,Garnacha,Grenache,red,0.758,0.623,medium,heat,new,2869.0,2362.0
Tolnai,≈ +60y (2081–2100),2081-2100,rcp85,high,4,Carignan,Carignan / Mazuelo,red,0.758,0.623,low,heat,new,2869.0,2362.0
Villányi,Near term (2021–2040),2021-2040,rcp45,moderate,1,Sangiovese,Sangiovese,red,1.0,0.25,high,huglin,new,2335.0,1781.0
Villányi,Near term (2021–2040),2021-2040,rcp45,moderate,2,Cabernet sauvignon,Cabernet Sauvignon,red,0.964,0.373,high,frost,expand,2335.0,1781.0
Villányi,Near term (2021–2040),2021-2040,rcp45,moderate,3,Syrah,Syrah,red,0.964,0.373,high,frost,new,2335.0,1781.0
Villányi,Near term (2021–2040),2021-2040,rcp45,moderate,4,Touriga Nacional,Touriga Nacional,red,0.964,0.483,medium,frost,new,2335.0,1781.0
Villányi,Near term (2021–2040),2021-2040,rcp85,high,1,Cabernet sauvignon,Cabernet Sauvignon,red,1.0,0.409,high,huglin,expand,2285.0,1743.0
Villányi,Near term (2021–2040),2021-2040,rcp85,high,2,Syrah,Syrah,red,1.0,0.409,high,huglin,new,2285.0,1743.0
Villányi,Near term (2021–2040),2021-2040,rcp85,high,3,Touriga Nacional,Touriga Nacional,red,1.0,0.52,medium,huglin,new,2285.0,1743.0
Villányi,Near term (2021–2040),2021-2040,rcp85,high,4,Aglianico,Aglianico,red,1.0,0.52,medium,huglin,new,2285.0,1743.0
Villányi,≈ +20y (2041–2060),2041-2060,rcp45,moderate,1,Cabernet sauvignon,Cabernet Sauvignon,red,1.0,0.409,high,huglin,expand,2416.0,1885.0
Villányi,≈ +20y (2041–2060),2041-2060,rcp45,moderate,2,Syrah,Syrah,red,1.0,0.409,high,huglin,new,2416.0,1885.0
Villányi,≈ +20y (2041–2060),2041-2060,rcp45,moderate,3,Touriga Nacional,Touriga Nacional,red,1.0,0.52,medium,huglin,new,2416.0,1885.0
Villányi,≈ +20y (2041–2060),2041-2060,rcp45,moderate,4,Aglianico,Aglianico,red,1.0,0.52,medium,huglin,new,2416.0,1885.0
Villányi,≈ +20y (2041–2060),2041-2060,rcp85,high,1,Cabernet sauvignon,Cabernet Sauvignon,red,1.0,0.409,high,huglin,expand,2249.0,1774.0
Villányi,≈ +20y (2041–2060),2041-2060,rcp85,high,2,Syrah,Syrah,red,1.0,0.409,high,huglin,new,2249.0,1774.0
Villányi,≈ +20y (2041–2060),2041-2060,rcp85,high,3,Touriga Nacional,Touriga Nacional,red,1.0,0.52,medium,huglin,new,2249.0,1774.0
Villányi,≈ +20y (2041–2060),2041-2060,rcp85,high,4,Aglianico,Aglianico,red,1.0,0.52,medium,huglin,new,2249.0,1774.0
Villányi,≈ +40y (2061–2080),2061-2080,rcp45,moderate,1,Mourvèdre,Mourvèdre / Monastrell,red,1.0,1.0,medium,huglin,new,2461.0,1952.0
Villányi,≈ +40y (2061–2080),2061-2080,rcp45,moderate,2,Nero d'Avola,Nero d'Avola,red,1.0,1.0,medium,huglin,new,2461.0,1952.0
Villányi,≈ +40y (2061–2080),2061-2080,rcp45,moderate,3,Garnacha,Grenache,red,1.0,0.877,medium,huglin,new,2461.0,1952.0
Villányi,≈ +40y (2061–2080),2061-2080,rcp45,moderate,4,Assyrtiko,Assyrtiko,white,1.0,0.68,medium,huglin,new,2461.0,1952.0
Villányi,≈ +40y (2061–2080),2061-2080,rcp85,high,1,Mourvèdre,Mourvèdre / Monastrell,red,1.0,1.0,medium,huglin,new,2661.0,2198.0
Villányi,≈ +40y (2061–2080),2061-2080,rcp85,high,2,Nero d'Avola,Nero d'Avola,red,1.0,1.0,medium,huglin,new,2661.0,2198.0
Villányi,≈ +40y (2061–2080),2061-2080,rcp85,high,3,Garnacha,Grenache,red,1.0,0.877,medium,huglin,new,2661.0,2198.0
Villányi,≈ +40y (2061–2080),2061-2080,rcp85,high,4,Assyrtiko,Assyrtiko,white,1.0,0.68,medium,huglin,new,2661.0,2198.0
Villányi,≈ +60y (2081–2100),2081-2100,rcp45,moderate,1,Mourvèdre,Mourvèdre / Monastrell,red,1.0,1.0,medium,huglin,new,2542.0,2010.0
Villányi,≈ +60y (2081–2100),2081-2100,rcp45,moderate,2,Nero d'Avola,Nero d'Avola,red,1.0,1.0,medium,huglin,new,2542.0,2010.0
Villányi,≈ +60y (2081–2100),2081-2100,rcp45,moderate,3,Garnacha,Grenache,red,1.0,0.877,medium,huglin,new,2542.0,2010.0
Villányi,≈ +60y (2081–2100),2081-2100,rcp45,moderate,4,Assyrtiko,Assyrtiko,white,1.0,0.68,medium,huglin,new,2542.0,2010.0
Villányi,≈ +60y (2081–2100),2081-2100,rcp85,high,1,Mourvèdre,Mourvèdre / Monastrell,red,0.847,0.847,medium,heat,new,2849.0,2371.0
Villányi,≈ +60y (2081–2100),2081-2100,rcp85,high,2,Nero d'Avola,Nero d'Avola,red,0.847,0.847,medium,heat,new,2849.0,2371.0
Villányi,≈ +60y (2081–2100),2081-2100,rcp85,high,3,Garnacha,Grenache,red,0.847,0.724,medium,heat,new,2849.0,2371.0
Villányi,≈ +60y (2081–2100),2081-2100,rcp85,high,4,Assyrtiko,Assyrtiko,white,0.847,0.527,medium,heat,new,2849.0,2371.0
Zalai,Near term (2021–2040),2021-2040,rcp45,moderate,1,Merlot,Merlot,red,1.0,0.058,high,huglin,new,2201.0,1655.0
Zalai,Near term (2021–2040),2021-2040,rcp45,moderate,2,Olaszrizling,Welschriesling / Olaszrizling,white,1.0,0.0,high,huglin,expand,2201.0,1655.0
Zalai,Near term (2021–2040),2021-2040,rcp45,moderate,3,Rajnai rizling,Riesling,white,1.0,0.0,high,huglin,new,2201.0,1655.0
Zalai,Near term (2021–2040),2021-2040,rcp45,moderate,4,Rizlingszilváni,Müller-Thurgau,white,1.0,0.0,high,huglin,new,2201.0,1655.0
Zalai,Near term (2021–2040),2021-2040,rcp85,high,1,Merlot,Merlot,red,1.0,0.058,high,huglin,new,2142.0,1606.0
Zalai,Near term (2021–2040),2021-2040,rcp85,high,2,Olaszrizling,Welschriesling / Olaszrizling,white,1.0,0.0,high,huglin,expand,2142.0,1606.0
Zalai,Near term (2021–2040),2021-2040,rcp85,high,3,Rajnai rizling,Riesling,white,1.0,0.0,high,huglin,new,2142.0,1606.0
Zalai,Near term (2021–2040),2021-2040,rcp85,high,4,Rizlingszilváni,Müller-Thurgau,white,1.0,0.0,high,huglin,new,2142.0,1606.0
Zalai,≈ +20y (2041–2060),2041-2060,rcp45,moderate,1,Touriga Nacional,Touriga Nacional,red,1.0,0.896,medium,huglin,new,2264.0,1740.0
Zalai,≈ +20y (2041–2060),2041-2060,rcp45,moderate,2,Aglianico,Aglianico,red,1.0,0.896,medium,huglin,new,2264.0,1740.0
Zalai,≈ +20y (2041–2060),2041-2060,rcp45,moderate,3,Tempranillo,Tempranillo,red,1.0,0.543,medium,huglin,new,2264.0,1740.0
Zalai,≈ +20y (2041–2060),2041-2060,rcp45,moderate,4,Fiano,Fiano,white,1.0,0.515,medium,huglin,new,2264.0,1740.0
Zalai,≈ +20y (2041–2060),2041-2060,rcp85,high,1,Merlot,Merlot,red,1.0,0.058,high,huglin,new,2089.0,1618.0
Zalai,≈ +20y (2041–2060),2041-2060,rcp85,high,2,Olaszrizling,Welschriesling / Olaszrizling,white,1.0,0.0,high,huglin,expand,2089.0,1618.0
Zalai,≈ +20y (2041–2060),2041-2060,rcp85,high,3,Rajnai rizling,Riesling,white,1.0,0.0,high,huglin,new,2089.0,1618.0
Zalai,≈ +20y (2041–2060),2041-2060,rcp85,high,4,Rizlingszilváni,Müller-Thurgau,white,1.0,0.0,high,huglin,new,2089.0,1618.0
Zalai,≈ +40y (2061–2080),2061-2080,rcp45,moderate,1,Touriga Nacional,Touriga Nacional,red,1.0,0.896,medium,huglin,new,2306.0,1792.0
Zalai,≈ +40y (2061–2080),2061-2080,rcp45,moderate,2,Aglianico,Aglianico,red,1.0,0.896,medium,huglin,new,2306.0,1792.0
Zalai,≈ +40y (2061–2080),2061-2080,rcp45,moderate,3,Tempranillo,Tempranillo,red,1.0,0.543,medium,huglin,new,2306.0,1792.0
Zalai,≈ +40y (2061–2080),2061-2080,rcp45,moderate,4,Fiano,Fiano,white,1.0,0.515,medium,huglin,new,2306.0,1792.0
Zalai,≈ +40y (2061–2080),2061-2080,rcp85,high,1,Garnacha,Grenache,red,1.0,1.0,medium,huglin,new,2494.0,2016.0
Zalai,≈ +40y (2061–2080),2061-2080,rcp85,high,2,Mourvèdre,Mourvèdre / Monastrell,red,1.0,1.0,medium,huglin,new,2494.0,2016.0
Zalai,≈ +40y (2061–2080),2061-2080,rcp85,high,3,Nero d'Avola,Nero d'Avola,red,1.0,1.0,medium,huglin,new,2494.0,2016.0
Zalai,≈ +40y (2061–2080),2061-2080,rcp85,high,4,Assyrtiko,Assyrtiko,white,1.0,0.931,medium,huglin,new,2494.0,2016.0
Zalai,≈ +60y (2081–2100),2081-2100,rcp45,moderate,1,Touriga Nacional,Touriga Nacional,red,1.0,0.896,medium,huglin,new,2388.0,1845.0
Zalai,≈ +60y (2081–2100),2081-2100,rcp45,moderate,2,Aglianico,Aglianico,red,1.0,0.896,medium,huglin,new,2388.0,1845.0
Zalai,≈ +60y (2081–2100),2081-2100,rcp45,moderate,3,Tempranillo,Tempranillo,red,1.0,0.543,medium,huglin,new,2388.0,1845.0
Zalai,≈ +60y (2081–2100),2081-2100,rcp45,moderate,4,Fiano,Fiano,white,1.0,0.515,medium,huglin,new,2388.0,1845.0
Zalai,≈ +60y (2081–2100),2081-2100,rcp85,high,1,Garnacha,Grenache,red,1.0,1.0,medium,huglin,new,2705.0,2210.0
Zalai,≈ +60y (2081–2100),2081-2100,rcp85,high,2,Mourvèdre,Mourvèdre / Monastrell,red,1.0,1.0,medium,huglin,new,2705.0,2210.0
Zalai,≈ +60y (2081–2100),2081-2100,rcp85,high,3,Nero d'Avola,Nero d'Avola,red,1.0,1.0,medium,huglin,new,2705.0,2210.0
Zalai,≈ +60y (2081–2100),2081-2100,rcp85,high,4,Assyrtiko,Assyrtiko,white,1.0,0.931,medium,huglin,new,2705.0,2210.0
